member_id,password,name,identification_number,birth_date,gender,phone_number,email,point,fraud_count
f0d359e1-0880-4,x6tnBEr4&i,송하윤,8607251604876,1986-07-25,F,052-115-7815,yunjia@example.com,991,0
dda78eb0-6431-4,7(S7fOnb!q,송민수,9208121938242,1992-08-12,M,010-7115-8714,eunjeong42@example.net,633,0
4fdd2edc-6eb4-4,$9RB51m#s7,홍옥자,9005181924115,1990-05-18,F,064-733-9694,yeongsungim@example.net,573,0
7585d0eb-d806-4,^1Kt@8eF0J,최지후,8302121659387,1983-02-12,F,010-9101-3991,mgim@example.com,886,0
4901e89e-fb07-4,fN)%0Gfn^^,박예준,8509091080160,1985-09-09,F,019-634-5792,yeonggilha@example.com,847,0
75d44ff7-5cdf-4,2WK0qIUP#E,김정호,9906081513933,1999-06-08,M,010-4237-5945,caeweon78@example.org,822,0
eaf5a6f8-1f53-4,_C1ZGqAtHd,한시우,9009151115871,1990-09-15,F,063-890-0754,bagjihye@example.net,564,0
ab17ba7a-011b-4,nc@8U!@hy$,구동현,9505231185839,1995-05-23,F,055-104-7142,bagdohyeon@example.net,455,0
182b3cb5-25d3-4,7BFTo0Gv!Z,이성민,9502201659342,1995-02-20,M,041-245-5515,minseog50@example.com,841,0
9add63d6-9c8a-4,)5gvAMfr%A,구순자,9203021947112,1992-03-02,M,063-176-0452,fgang@example.org,945,0
7a1853b5-c797-4,2@G1Zcuke4,김서연,9401271186848,1994-01-27,M,033-108-7317,oyejin@example.net,869,1
f32c3e43-ad56-4,2FS9zE_d$q,김순자,8704221969477,1987-04-22,F,070-5508-2492,yejin33@example.org,84,0
9435df5a-01d5-4,Qt%)A1Zc*q,박은경,9106201179533,1991-06-20,M,018-891-6348,caeweon78@example.org,749,0
9b722745-c2ea-4,)r9HUCz7nj,류도윤,9405041352560,1994-05-04,M,031-762-7912,jeongsig28@example.com,801,1
13831121-3a7a-4,*0W)BdapjD,심은지,9203281309891,1992-03-28,M,018-942-6418,gimseoyeong@example.net,127,0
ffe73e74-19b7-4,Y7s#L@zU$4,손승현,9311071991615,1993-11-07,M,032-161-1620,mijeong69@example.com,37,0
4e6c45c5-7fc5-4,*5EXi!ym^s,김예준,8710011321730,1987-10-01,M,041-271-7542,nbag@example.org,557,0
8f601c61-7feb-4,CV%4Ru_)4P,김민수,9607201141314,1996-07-20,F,02-6112-6486,ijihu@example.net,446,0
1b1f6166-45b2-4,F3OIufB3@M,김정자,9303021870916,1993-03-02,M,055-266-2375,pi@example.org,266,0
27838d95-12d2-4,n3MJ(yAa*h,이현지,9906241792302,1999-06-24,M,033-400-4689,jiagim@example.org,350,0
d2e826a0-4142-4,tW4kYDv6^0,강옥자,0509093197207,2005-09-09,F,061-864-4759,yunseojang@example.org,921,0
3aa5aa5f-1e45-4,&AOg4OPew9,이성훈,9110281845642,1991-10-28,M,02-8116-0501,eunji21@example.net,468,0
f9aeef4c-b7dc-4,U23EGyZc%v,박지우,9012031508423,1990-12-03,F,055-676-3373,juweongim@example.org,360,0
591fe828-2a46-4,@c5A&qLj2b,김영수,9810101599246,1998-10-10,F,053-400-0250,ihyeonji@example.net,848,1
bf89a386-493e-4,342TWmBR_6,문성현,8311031093523,1983-11-03,M,043-444-8647,sonjeongho@example.net,652,0
4012184f-8e5a-4,OAt1OK&on(,최춘자,0208133960696,2002-08-13,M,055-023-7324,haeun91@example.org,169,0
1cc20124-0485-4,%9K9R7z(j*,박지혜,9408031427878,1994-08-03,M,033-641-9538,oyejin@example.net,905,0
7ca240f4-a0cc-4,Y5HlSCV@%H,황은경,9501161547063,1995-01-16,M,019-332-3659,ogsun78@example.org,857,0
d9d2e33a-ec53-4,E)04QaOwNt,김성수,8712051066503,1987-12-05,M,052-603-0535,yangyeongmi@example.com,734,0
b396cf32-53ac-4,$4U%YLv%5!,허영길,8701271891319,1987-01-27,M,041-542-5660,hyeonjibag@example.net,894,0
619bd85f-6a80-4,+)YbPYao7^,김지훈,9405091217610,1994-05-09,F,016-197-2990,lo@example.com,935,1
07f5f116-9f06-4,7+5ECH7l!A,최수민,9308261142851,1993-08-26,M,018-076-1657,gimseongsu@example.org,285,0
55f9920a-21bf-4,uziWQyn6%9,문민재,9901021034855,1999-01-02,M,070-0909-2554,jeongsu58@example.org,866,0
c48cb6b0-bf22-4,U0D!Zteb#X,김보람,0412233977658,2004-12-23,M,018-291-8896,gimjeonghun@example.org,212,2
c7515b28-c478-4,RBDeJ4Irk&,최영순,9607191402245,1996-07-19,F,016-305-8235,miyeonggim@example.net,808,0
7324c837-4083-4,v)3LhLIfew,노선영,9406231159004,1994-06-23,M,054-951-4070,hi@example.org,153,0
344212f0-6fd8-4,_6UW8bHu_&,장예은,8810101568241,1988-10-10,F,053-056-2462,hyeonjunbag@example.com,748,0
35ff39a4-4e43-4,epEgQmdd#2,김선영,8804021428146,1988-04-02,F,019-448-7278,xhan@example.net,306,0
c062a1ae-272d-4,0kZL5Y+C(N,황동현,9607041187755,1996-07-04,M,016-597-5685,oyejin@example.net,490,0
a3604735-9f2d-4,+2I%BGAkeE,배정훈,9602231760452,1996-02-23,M,018-497-6207,gimseongmin@example.net,641,0
c38d090b-54ec-4,1HdsAkld@p,김지은,0010133111330,2000-10-13,F,053-517-0284,byeongceol29@example.org,8,0
3af841ef-1c88-4,j++2Ff@wYH,이민지,0202133884779,2002-02-13,M,061-759-2690,pi@example.org,433,0
e0dfb2e8-95c1-4,@B!2uEa+k+,이서윤,0302123349263,2003-02-12,F,055-126-9516,lgang@example.org,117,2
e56ca677-c01b-4,&VnzrUpXN3,김춘자,8502271087317,1985-02-27,F,031-260-6661,seojuni@example.com,262,0
714c2703-830e-4,Vz7NfDYiY^,이광수,9704211039213,1997-04-21,F,010-6064-6352,jiyeong00@example.org,387,3
bb1e5fc2-3f8c-4,^ecj9M0o4&,이미영,9706181219729,1997-06-18,F,061-425-8582,xgim@example.com,653,0
edc0d0c2-76a0-4,G3AMI*y_%l,나미영,0111143875773,2001-11-14,M,019-926-1001,eunjujo@example.net,9,0
477f899b-8170-4,_bL4+Ssj7r,김정희,9106231550824,1991-06-23,M,055-409-2627,gimyeonghyi@example.org,862,0
6a41443b-85e8-4,5q9XMkSH7_,김명자,0307193471180,2003-07-19,M,032-769-6814,munboram@example.org,230,0
04a6a3a8-709d-4,_5m_TZpd#O,이미숙,9603021407522,1996-03-02,F,02-3374-4307,fgang@example.org,991,0
49538d1c-2461-4,4n4i5vSNr@,박영수,9906171688091,1999-06-17,M,017-556-4564,gimujin@example.com,764,3
aee3e8a9-89c8-4,1wOHGGxy#5,김영진,9307251348967,1993-07-25,F,02-1756-3609,dhong@example.org,622,0
5cfe964b-438a-4,^E5DG!(f22,홍명자,9710081002489,1997-10-08,F,042-336-6706,ecoe@example.net,340,0
deee577c-4924-4,en0SW&le8%,장서영,0002163446660,2000-02-16,M,064-781-8171,haeun91@example.org,656,0
8c08930e-1262-4,^TCm56Ni2f,김영수,9503081450076,1995-03-08,M,041-374-5792,sujin84@example.org,503,1
c29b186b-f734-4,DC1Bse1O_$,정지혜,9210231125609,1992-10-23,F,011-629-7939,hyeonji24@example.com,395,0
4b70d96f-b63e-4,!%5^8X(gQu,최성현,9408021172009,1994-08-02,M,062-675-7123,gimseongsu@example.org,645,0
a1bcd92e-fcd4-4,e@8pGqIl*z,박도현,9306041853671,1993-06-04,M,070-7036-9541,jiyeongan@example.com,624,0
ac2104e3-4263-4,)8Lqyehu4V,최명자,9812151951942,1998-12-15,F,064-776-5601,ryuhayun@example.org,818,0
f6b95f1c-91e4-4,1YW(9XZn!%,윤선영,9605241183067,1996-05-24,F,041-519-8614,gimbyeongceol@example.com,774,4
296d0477-1b30-4,o4#n7Bbq2d,손현지,9804151510074,1998-04-15,M,010-3375-2480,gyeongsugyun@example.org,967,0
16bd095e-9aaa-4,@^0820qtPC,김시우,9609221993318,1996-09-22,F,019-400-0415,dhong@example.org,519,0
74a6c761-8a98-4,8kEV6ilO$),송성훈,9905041269611,1999-05-04,F,044-141-2270,seoyun34@example.com,64,0
46cc0c10-df5c-4,4dI0mQ2+*k,문정웅,0302143207660,2003-02-14,F,019-238-2923,gyeongsugyun@example.org,941,0
90e315ce-5894-4,P3R!6&Fm&x,우정숙,9406241415115,1994-06-24,M,051-129-3300,sujin84@example.org,353,0
57d55cac-d55e-4,r9W2ETuZ6_,박영수,9706061035192,1997-06-06,M,052-559-6696,seoyeono@example.org,3,0
c2047c63-0424-4,3_WhItnq&7,김선영,0304223104509,2003-04-22,M,019-103-9140,ijeongnam@example.net,879,0
1d1466b4-bf17-4,7_a@t5zx5T,한지연,9203061717542,1992-03-06,M,02-9845-3635,minji27@example.org,989,0
4eb51478-fd21-4,Vvpt9QnZu),김현우,9904121574485,1999-04-12,M,053-477-9541,jeongunggim@example.org,607,2
561230df-d36a-4,H(4WR)awkV,김지연,9402041894262,1994-02-04,M,051-415-8810,iyun@example.com,823,0
54906204-b890-4,@rMm&Hzy$6,한영순,9104111833245,1991-04-11,F,010-0782-8239,minjun33@example.net,679,1
dd03fae5-72b3-4,%4GQjmZ+_i,이민서,9401281290611,1994-01-28,M,011-115-3475,miyeong37@example.com,430,0
d44d4c29-0f9e-4,@SOQt_mqB5,김상훈,8905181629645,1989-05-18,M,052-576-9597,jihyei@example.org,254,0
369393f9-ad8a-4,&65(KzSQ(#,권중수,0108213580660,2001-08-21,F,061-037-5207,gangseoyun@example.net,985,0
112e9fbe-d7bf-4,ez7G0Kay)q,이상철,9212111735471,1992-12-11,M,044-895-7395,ggweon@example.com,815,0
31a3d592-6a69-4,e(u2RWwe(O,홍성수,9802091189276,1998-02-09,M,02-0339-2871,seonghyeon06@example.org,786,0
bc5ffad2-151b-4,B6+7fKSI_d,곽지은,9907141237582,1999-07-14,F,033-930-0141,ecoe@example.net,473,1
ab904ffb-5019-4,9)8G)4iAg8,김옥자,9711211173407,1997-11-21,F,063-241-9493,gyeongsui@example.com,7,0
ee627635-b814-4,_)P0NebKvZ,이영환,9604101148926,1996-04-10,F,052-348-6126,vi@example.org,94,0
31554ef8-0178-4,_7W2kgoy(2,김우진,9411161386401,1994-11-16,F,064-796-3736,siu85@example.net,904,0
f4a6e1ea-c96d-4,07XWIrSQ_u,최재현,0011023046896,2000-11-02,F,061-964-7905,gimseongmin@example.net,104,3
15204f5b-1757-4,3*5M3n9vfQ,강도현,9012091543910,1990-12-09,M,041-630-7428,lo@example.com,811,0
0c19bae4-ebe1-4,^5V2xdag^_,조성현,9205101851832,1992-05-10,M,011-296-4312,rgim@example.net,424,0
5cf8f255-f259-4,M&FuJ6$y#0,김은정,0205103829838,2002-05-10,M,018-982-7303,mi@example.org,420,0
bc1c2391-819c-4,_X287Yjzze,윤성훈,8711181644759,1987-11-18,M,02-4331-9238,seongmingim@example.org,160,0
1989c60d-a87c-4,S%6USq2*a7,이재호,8502231166972,1985-02-23,F,031-489-6799,yunyeongho@example.org,362,0
8dee6bd7-d470-4,&4HXGqp37e,오병철,8911161637785,1989-11-16,F,061-213-5772,ryudoyun@example.org,667,2
4ac02cc1-b6e1-4,l)ClrGNH)1,장성진,9501151427093,1995-01-15,M,041-015-5733,gimeungyeong@example.org,363,0
fa59ebf0-226c-4,(2OmSPA&S9,김상훈,0008133081160,2000-08-13,F,019-279-0860,jihyei@example.org,42,0
c47212e8-6b26-4,4ZPn4X!m$5,황병철,8902201044329,1989-02-20,F,044-750-5794,dgim@example.net,195,0
7dfdc1bd-228a-4,w2G#IMwm(T,노영순,9702141756256,1997-02-14,F,051-316-0875,li@example.net,151,2
d754bda2-5d7f-4,8#DZWZjj*x,김정숙,8808231285232,1988-08-23,F,061-699-4785,jeongsig80@example.com,357,0
22ca787e-8190-4,!cOo@D1rq6,김은지,9307141763373,1993-07-14,M,018-662-4674,gimjeongnam@example.net,927,0
d9aa31c5-5062-4,8lA1PCMx_n,이명자,9007021312502,1990-07-02,M,031-015-0440,migyeongyun@example.net,625,0
fb148fb3-6ca4-4,V7g)*eUc#*,김미숙,9305201184567,1993-05-20,M,054-682-1808,ggo@example.net,647,0
0b280856-ad63-4,8SK5drHj^8,장상철,9112171869774,1991-12-17,F,041-217-7244,siu85@example.net,220,0
95196b23-23e1-4,*k_65Gu5^i,이승민,9406091000250,1994-06-09,F,061-842-4041,ohayun@example.org,670,1
2725f170-4d8b-4,_mI0lTVIm2,손상호,8601051163968,1986-01-05,M,010-3083-7879,gangseoyun@example.net,464,0
e1a61356-0786-4,!sfLZsffu6,이민재,9404111919155,1994-04-11,F,061-673-4129,mgim@example.com,914,0
daf94d81-1938-4,fQZBfOIW@2,윤진호,9206091080351,1992-06-09,M,043-646-0068,sujini@example.org,890,0
f4875b4a-7ef0-4,GRS7VzsUl!,김민준,8509121334448,1985-09-12,F,016-727-5727,miyeong37@example.com,260,0
57f6c03b-25d7-4,m8WA)_%D^I,박민수,0108123304810,2001-08-12,F,051-145-2750,gimeungyeong@example.org,507,1
7677a32e-af54-4,zF@4NHVj7N,강서연,0112153067771,2001-12-15,M,032-275-5475,dgim@example.net,83,0
a7d78d48-be68-4,^VKB3PeEe(,윤재현,9004041263791,1990-04-04,F,042-827-3184,eunjujo@example.net,572,0
40f588a7-6bdf-4,e%7YVWe&*4,이성진,0007023237324,2000-07-02,F,042-642-2138,jimin74@example.com,327,0
632f5cb9-96a8-4,z(6ZOz%tK*,강성수,8507041849834,1985-07-04,F,063-597-8440,seoyeono@example.org,526,2
b272d3a0-5220-4,(L4TTOFf@D,홍현지,9710151844301,1997-10-15,M,063-201-8021,yyun@example.org,176,0
6acb2a9e-2b7b-4,@sEYaRchI0,이지영,9812141334088,1998-12-14,F,032-925-4475,minjun33@example.net,879,0
0d231739-da6e-4,RH(H48OztM,지우진,8501041641953,1985-01-04,F,043-148-8292,ujini@example.org,226,0
111f1fc9-bc4e-4,##1h&vBqZF,손상철,8712271318453,1987-12-27,F,044-997-9412,yeongho70@example.com,643,3
4869263e-67b1-4,7kC2eFwH%$,김우진,8508101922088,1985-08-10,F,052-360-5521,yyun@example.org,375,0
1ad3656a-d44f-4,#2Xodkmr8H,이수진,9010211026228,1990-10-21,M,041-770-9526,hyeonji24@example.com,138,0
7122935c-ba29-4,Py1NjtmDd#,박지후,9904261793323,1999-04-26,F,017-306-5459,misug28@example.net,361,0
4bb19e3c-44e2-4,g*6HyepCwT,이성민,8510191271908,1985-10-19,F,051-926-0126,rgim@example.net,500,0
cb2269ed-e7f5-4,BLT8C0sg$$,김재호,9608101038277,1996-08-10,F,016-327-3849,dgim@example.net,721,0
38d45320-a56e-4,)kU!IjxnD5,홍은서,9002091296354,1990-02-09,F,055-063-6974,gimseoyeong@example.net,966,0
850f5f24-33fd-4,@)G04Vb$08,박성현,9001071053573,1990-01-07,F,044-067-8035,ijeongnam@example.net,352,2
9920ffa7-5322-4,9B0k1fGdl$,이영숙,9511061405980,1995-11-06,M,010-7950-9833,gyeonghyibag@example.net,361,0
5e8fe993-afec-4,@AD)xeX18!,박우진,9101161003003,1991-01-16,F,061-039-4351,seoyeono@example.org,68,0
b3448c60-accf-4,+j5n1GL61x,오영일,9001121623762,1990-01-12,F,070-1186-8522,caeweon78@example.org,319,2
a7074574-ce80-4,6%2U5P2juu,김지연,9303211566064,1993-03-21,F,055-759-4724,sonjeongho@example.net,777,0
8f377ec3-4686-4,(H92vCyy)T,김은지,0001193166208,2000-01-19,M,033-189-2457,ugim@example.org,636,0
5f7f8215-c264-4,iqC*Kr*f)2,강상철,9311171215323,1993-11-17,M,017-648-5395,seonghyeon06@example.org,979,2
a62e2c0c-3349-4,!i6OgZwgy1,이은영,8803241821691,1988-03-24,F,010-1506-2120,gimhyeonjun@example.org,727,2
77ee4b9f-f53f-4,@nV@MYG+t3,김상현,9803201904560,1998-03-20,M,044-744-9585,mgim@example.com,508,0
26926592-4eb7-4,!5_$TEfXx3,김은영,9502121427385,1995-02-12,M,010-4698-0799,gimjeonghun@example.org,753,0
7eaa117c-2818-4,%1d7LKmB^s,김정남,9707111476048,1997-07-11,F,02-0047-1807,yeongsun85@example.org,563,0
0db15028-7b2d-4,Wt%@3jXm*d,이하은,8508021898407,1985-08-02,F,070-3287-7471,sangceol30@example.org,738,0
0f7bde7a-3879-4,!4DxrLPk7X,김하윤,9102131570040,1991-02-13,F,052-470-7235,hyejin67@example.org,697,0
9493d2c3-9fed-4,*6ULtdMdgT,이재호,9211191438856,1992-11-19,F,011-415-7954,gimmijeong@example.org,213,0
cde0aec1-4dc1-4,BQqV(6mm(0,김상훈,9802191539852,1998-02-19,M,031-545-4360,minjun33@example.net,338,0
86041f67-bee5-4,#$RKUs+1G9,김지영,9212271090925,1992-12-27,F,054-519-5516,gimbyeongceol@example.com,298,3
f39082f9-c4f5-4,Wv#u3VQf06,김민재,9811101576962,1998-11-10,M,042-571-5545,yeongjagim@example.net,807,0
5b39f0ca-f4ee-4,aV67TKnUy),문우진,9403191072507,1994-03-19,F,055-977-9666,lgang@example.org,765,3
77d02205-96cb-4,@q4ToskBp8,김상철,9810071186428,1998-10-07,M,02-4963-0396,gimhyeonjun@example.org,64,0
47df9298-a315-4,)zGawgyqb8,이숙자,9111211291889,1991-11-21,F,041-474-6937,ggweon@example.com,772,0
ed312a86-b91f-4,!6G8q3)DqV,이명숙,9207091440644,1992-07-09,F,011-516-4598,seongyeonggil@example.net,350,1
52a496c6-5f5f-4,5kXV4nw&!6,이성호,9604231620829,1996-04-23,F,02-5589-9681,hyejingang@example.net,369,0
fc6eef1d-96d5-4,$s_8MIe(3&,고건우,9308021869305,1993-08-02,M,064-746-3819,gyeongsugyun@example.org,696,0
4f5db359-feb7-4,T$a7Sj*CXg,이민재,0004213570393,2000-04-21,F,053-323-2090,gimjeongnam@example.net,189,1
8f060286-5dce-4,mC3GLvtk2&,이민준,0207033973781,2002-07-03,M,070-9871-3959,migyeongyun@example.net,168,0
02c75156-5941-4,@mJg4SSk$$,배영미,9208031664465,1992-08-03,F,061-405-0051,jeonghoi@example.net,92,0
64c8beab-9628-4,)I8B(+5g87,문미정,9405011704366,1994-05-01,F,019-713-3126,jungsu82@example.net,794,0
b75fe812-4f82-4,b+O0_RwN(g,이옥자,9111211609759,1991-11-21,M,044-543-8644,yejin33@example.org,577,0
112e8d2d-7ca9-4,*@4BIMogvJ,송지원,8312091506782,1983-12-09,M,051-066-3092,yeongilim@example.org,83,0
b5fea175-7753-4,ua6@&BiT+p,권영식,9010281550131,1990-10-28,F,017-142-9332,xi@example.net,44,2
27504119-c2f3-4,MXj8ApQm%B,김지혜,9906271056246,1999-06-27,M,063-231-8818,sangceol30@example.org,609,0
f299ebba-6ba1-4,(6Bb8KeiVl,배광수,8903131480222,1989-03-13,F,064-722-6349,jimin74@example.com,722,0
66a4bcf0-a6f4-4,wX^4FOzRm*,오은정,0111233080862,2001-11-23,F,051-808-1619,yeongho70@example.com,819,0
3cb898a6-901f-4,G1qUDe_y@7,장현숙,9710271118243,1997-10-27,F,044-786-2880,seunghyeono@example.com,335,0
ed43ea92-703a-4,g!8YnLwJSw,권종수,9512231448727,1995-12-23,M,064-759-2153,hyejin67@example.org,39,0
1b9d9194-7ed1-4,%55GO6qqL$,오춘자,8611191280513,1986-11-19,F,017-093-4761,eunji21@example.net,625,0
6aec150b-5fea-4,*ap9gjBz)2,노민지,9804261782527,1998-04-26,M,02-8716-5219,gimseohyeon@example.net,556,0
63376c6b-b3bb-4,yRoKjFxi&0,이정훈,9902271850116,1999-02-27,F,061-757-2751,xi@example.net,583,0
542dcff7-165b-4,_fqV8JuLT8,한경수,9508111685125,1995-08-11,M,044-610-6793,jeongsiggim@example.org,186,1
39c833bc-37bf-4,6)0ysCZaa%,윤광수,9812051059306,1998-12-05,M,031-364-0741,jeongsig80@example.com,715,0
f0099130-d2d9-4,Xl3TRQvE(I,성민석,8905261609251,1989-05-26,F,042-068-0949,kcoe@example.net,55,0
2939d777-68b8-4,(kZx&6%i!3,이주원,0008123994497,2000-08-12,F,054-016-4540,nbag@example.org,185,0
fef75720-9705-4,^1XR&wPv&5,박진우,0001153436151,2000-01-15,M,043-595-5990,jihunbag@example.org,26,0
c3c07710-14ac-4,F@5Mwened2,이준혁,9706011269057,1997-06-01,F,055-119-8905,oyejin@example.net,487,0
3b362f45-511c-4,g%4K_nYB#r,이은영,9702281086408,1997-02-28,M,033-789-3077,mgim@example.com,856,0
3da5f265-be2b-4,!d3!XLIl)S,김영수,8502111517028,1985-02-11,F,019-038-0161,ryudoyun@example.org,982,0
5aa2e7b4-dd38-4,!p#441Sm)i,권지원,9001011652822,1990-01-01,M,053-998-1290,mijeongbag@example.org,798,0
6719e1db-6537-4,x#&3YzVRwy,한영희,9403211395076,1994-03-21,M,016-146-3195,rgim@example.net,231,1
2623af4b-9039-4,7&p8iPxd73,이지훈,0104213452353,2001-04-21,M,043-963-6510,eungyeongi@example.com,899,3
b4654267-d20a-4,@hKCFy5Q!3,오서연,9007151592690,1990-07-15,M,010-2542-2564,yeonggilha@example.com,952,3
d04260fa-e4d9-4,J3K%IpDy*Z,이영희,0010013622005,2000-10-01,M,053-715-7680,hyejingang@example.net,39,0
8f61e1aa-f6cd-4,p04fxQSW^c,이영길,0201253199226,2002-01-25,M,070-2890-9996,yeongjagim@example.net,428,0
80f3a0f9-44d8-4,u$O46iF1Uh,전채원,8907191532583,1989-07-19,F,063-491-1430,wgim@example.com,74,0
de866df9-6e07-4,4TRXtCMi%7,이민재,9303141951663,1993-03-14,F,041-121-4038,donghyeonhwang@example.net,390,0
714ef3ef-bcd9-4,f@2l8WsT@^,박보람,9004131376914,1990-04-13,F,017-994-8875,jeongsu58@example.org,906,0
08a757f0-9764-4,8%7EOaAr^^,송성현,9309121809973,1993-09-12,F,053-653-1679,sangceol30@example.org,41,0
20058fb3-d852-4,R(4vAks*k*,김지은,9010111618026,1990-10-11,M,017-805-5973,yyun@example.org,786,0
782d0d5d-399c-4,6NjNo+p3^c,김승현,9807241661797,1998-07-24,M,053-837-0113,yangujin@example.net,173,1
8371f4df-19f2-4,v1@U9CzaUX,남정남,0006163629481,2000-06-16,F,044-296-7609,mgim@example.net,353,1
58efa23d-c574-4,3t^2U6Bed!,윤지혜,9103211578034,1991-03-21,M,011-977-3780,zgim@example.net,740,3
55514edd-a2b8-4,w43vY@b$(E,송영희,9910111460486,1999-10-11,M,062-391-8821,yeongjagim@example.net,698,0
16147c4a-9f1f-4,)%6Jg6$*_y,박서윤,9807091635221,1998-07-09,F,062-379-7156,lgang@example.org,169,0
522836e7-5453-4,)GFR2fSwX2,이성수,9701141967116,1997-01-14,M,042-057-1896,jeongsiggim@example.org,173,0
6e12e226-fc8a-4,!7DvwX7&Vs,김도윤,9403071230827,1994-03-07,F,032-399-0559,gimeungyeong@example.org,921,0
e4b11c01-58fc-4,)BJHH7lW30,김민준,9610241451642,1996-10-24,F,062-923-9546,hyejin67@example.org,643,3
b4da2f16-25bf-4,yk!5SmjrNd,윤혜진,0109113826843,2001-09-11,F,062-796-3875,gimmijeong@example.org,354,0
594cf875-0267-4,)cd5AaBb1f,곽예은,9807161846612,1998-07-16,M,016-728-3079,sugja73@example.net,5,0
cb85f495-6e64-4,Gx0VJd5Fn_,이현주,0510203813998,2005-10-20,M,064-744-3171,pi@example.org,273,0
76fe492e-1e8e-4,(1qFAAgQsb,심진호,9112241926100,1991-12-24,M,041-380-8299,gyeongsui@example.com,913,0
5a12b73e-3ca8-4,WBT0UrEp*+,김영수,0306273751759,2003-06-27,F,042-836-6435,lgang@example.org,682,0
67d79d5a-af54-4,sg6hXU$Yv*,이현주,0008263328818,2000-08-26,M,019-461-6653,lgim@example.net,26,0
c2d5bcaa-807e-4,_xg8X7Ry6^,박미영,9411281286937,1994-11-28,F,041-442-3255,gimyeonghyi@example.org,270,3
1520181f-e799-4,Sn0M8LVg4!,김민재,9801191262790,1998-01-19,F,044-782-0728,ogsun78@example.org,951,0
4ea42568-1bb3-4,%5S^jtZVk&,송서현,8702211965387,1987-02-21,M,032-814-6645,iyeongsun@example.com,491,0
d3c85d70-ac9e-4,nh0KjsWl@a,양지은,0110043487867,2001-10-04,F,019-214-6554,yeongho02@example.net,185,0
ce72a0a2-2b76-4,r0Z^)RyV$e,조지은,9304181524927,1993-04-18,M,062-685-8300,ei@example.com,985,0
9c2146af-7752-4,_tiNbguvy9,김승민,9502161696814,1995-02-16,F,061-159-1561,yunminji@example.net,235,0
17fba9eb-5f02-4,*wZLJ2yf+0,오현정,0002103251202,2000-02-10,M,033-072-3590,hyeonjunbag@example.com,7,0
9fc7ff25-dc2b-4,%5N9ScIdey,김서윤,9201281689717,1992-01-28,F,017-833-8464,ggo@example.net,895,0
82112da4-05e2-4,+9NFgk#KID,김재호,9506281103374,1995-06-28,F,064-711-0126,yyun@example.org,230,0
31798679-f064-4,!+9KqQrxtP,김민재,9101161585114,1991-01-16,F,016-043-1447,yunseojang@example.org,231,0
c738effa-9b20-4,_AKRJI2gn9,김영순,9012121623437,1990-12-12,F,043-356-1076,xgim@example.com,289,0
aa757a20-1dcd-4,@0BWRnUe)2,최지은,8407201216587,1984-07-20,M,016-912-4289,ijihu@example.net,671,1
badb0a0f-1059-4,hXO49NjbA@,배도윤,8812121564564,1988-12-12,M,016-861-6535,wcoe@example.net,491,0
6b0eae35-4933-4,^l5ZCrIiX5,이진우,9605041725325,1996-05-04,F,017-170-4273,eungyeong68@example.com,234,0
6582ef91-9791-4,hv4&(HNz*9,김수민,9602221667879,1996-02-22,M,051-524-3146,gimseongsu@example.org,691,0
e6909be8-5972-4,#7G!wsaTd7,김시우,8907171473580,1989-07-17,M,033-671-0763,qgim@example.net,483,1
e8193ef4-6094-4,_5NBu&*n6W,김지연,9106131360906,1991-06-13,M,018-685-2523,bagareum@example.com,269,0
12ee5911-bd60-4,7jq(D80w#3,주은경,9104241521250,1991-04-24,M,052-588-6441,hyeonji24@example.com,975,0
20ed06f8-e8ba-4,(C_y3ZaMA!,이지원,0301013680219,2003-01-01,M,061-327-4219,fgang@example.org,83,2
f08e31ad-3df1-4,!z1KzdaJ(%,허경숙,9512151308961,1995-12-15,M,033-071-4385,ggweon@example.com,948,1
0b187466-5a39-4,VrWx$iXU+8,류숙자,9804081667063,1998-04-08,F,016-296-5966,ryudoyun@example.org,999,0
11e65213-b71d-4,&oVQXjtB(3,김성민,9301201409555,1993-01-20,F,042-431-1930,jihunbag@example.org,656,0
7f0d3cab-3074-4,be)XhtD3!0,박채원,9503201814114,1995-03-20,M,062-953-2147,bagdohyeon@example.net,708,1
b265f607-ecd7-4,m#)2RZy&*e,심정식,9003201263953,1990-03-20,F,041-379-6452,mgim@example.com,520,1
b2ae177e-5bda-4,$_y3N3ovDb,노정식,9309041817187,1993-09-04,F,010-3576-3822,jaehoi@example.net,182,0
37e859fc-6e0b-4,!n9cGBjm)M,김정자,9108181526461,1991-08-18,F,016-575-0139,gimseongmin@example.net,839,0
f55ea1a2-ef10-4,CNK2h^N@$1,권승민,9704151357607,1997-04-15,M,042-001-1791,gimhayun@example.net,565,1
8a068dab-1fa8-4,)Qgnc8Sy77,지현지,9907251736347,1999-07-25,F,044-289-9247,gimjeonghun@example.org,144,0
2bd39ff7-2aa6-4,+7MaVD6h71,손미숙,9704151457928,1997-04-15,M,017-645-6565,bagsiu@example.org,192,0
b991e03d-6ef2-4,qE0YBriG$t,이정숙,9505171102505,1995-05-17,M,02-5195-5859,ijihu@example.net,784,0
054a5fff-10bd-4,BQ30Qpfp%B,주지현,9308131367326,1993-08-13,M,053-728-7814,qbag@example.net,805,0
0ce2e29c-25f5-4,!NWG5QWD5a,최상호,8306251835288,1983-06-25,F,018-742-6033,vbag@example.org,155,0
8238bb6c-52ed-4,k4(Ck22R_Q,송우진,9511231979397,1995-11-23,M,019-731-9509,bagseongho@example.com,248,0
43b11bab-fb19-4,e_z7jY_xkP,최상훈,9908201583000,1999-08-20,M,070-0740-1905,yeongsugim@example.net,248,0
553411bc-6733-4,$*7RD1Gf&v,이서준,9608281931864,1996-08-28,F,051-529-0137,bagjihye@example.net,505,1
4e6028a4-c76f-4,#6UgNTuzXP,이예진,9711071258576,1997-11-07,F,016-860-9522,iyeongsun@example.com,679,0
8e5859f4-29b3-4,DXr4*1TxWQ,홍현지,9206281712312,1992-06-28,F,053-671-2777,yeongho70@example.com,973,0
c09c0f86-ff38-4,z5VTETMs@y,이중수,0208233835006,2002-08-23,M,051-708-7798,gimjeongnam@example.net,89,0
0d4942e7-40f0-4,%19oBcoS4P,김정남,9407191968302,1994-07-19,F,019-591-4266,gangjinu@example.net,316,0
551818b7-bb5d-4,#0I3LokIK^,박영희,9407181811970,1994-07-18,M,052-004-9009,geonu39@example.com,429,0
e7ac609f-8b1b-4,n@8YwsC^V@,이순자,9310251541039,1993-10-25,M,070-6671-8074,isujin@example.org,602,0
476bed7c-6bc3-4,R!IZ6M#d+(,윤아름,9709121274197,1997-09-12,F,042-707-6453,gimseoyeong@example.net,899,0
f65b435d-1f26-4,o0Jl3Zms9@,한지혜,9604131685394,1996-04-13,M,011-616-3037,munjuweon@example.com,45,3
c9a8af43-40b9-4,++7j)zHyUP,이성수,0203113997187,2002-03-11,F,055-968-1674,gimseoyeong@example.net,327,0
4c2e06e4-1bae-4,c9P)AmQ3)_,남경희,9707241016922,1997-07-24,M,010-9263-4095,ryudoyun@example.org,121,0
abae6e4a-d83f-4,3vC9)TrT@2,홍건우,9712141304461,1997-12-14,F,052-450-6090,eungyeongi@example.com,298,0
d9947a34-c724-4,BY1k1UhJ@P,최재호,9206201388058,1992-06-20,M,061-154-8005,sujini@example.org,165,0
a7e5c8cb-5f6d-4,!B5h%RthYH,이승현,0008273045251,2000-08-27,F,031-769-2577,gimsumin@example.net,978,0
365f6444-e091-4,@59FXX!n%r,안재현,9102091918192,1991-02-09,F,043-280-3128,gimmijeong@example.org,35,1
2551589c-9c73-4,k+8ZMHjvKg,김종수,8709271351832,1987-09-27,M,055-162-6986,seunghyeon86@example.com,408,0
2bd7ef3b-f60e-4,8g&D!S9z_O,김선영,0504203752458,2005-04-20,M,051-664-4203,hyeonjibag@example.net,221,0
3c51a32e-c86d-4,XS7Pb*oUR_,강지후,9208271524801,1992-08-27,F,011-744-2438,miyeong37@example.com,315,0
5d03b7b3-021f-4,@W^7ZxGK%3,서건우,9112261501904,1991-12-26,M,019-165-9775,nhong@example.com,170,0
4966300a-9593-4,AZf2%_4gs@,김현주,9812091388571,1998-12-09,F,061-060-6173,ujini@example.org,514,3
391097e2-07b6-4,+7+Vhn$Rvs,김상철,9609271611975,1996-09-27,M,070-4403-7235,vi@example.org,303,3
7f921f52-d49d-4,^Q8M5cSb54,김정숙,9504211640004,1995-04-21,M,019-586-9793,eunjeong42@example.net,891,3
35a3c11d-d3c4-4,&v732J!wB^,이보람,9611111584038,1996-11-11,M,016-844-8116,mijeong69@example.com,265,0
3ea1fe06-a77f-4,&k6tqWnXJe,배현지,9610021664934,1996-10-02,F,019-405-0003,gimsumin@example.net,932,2
f9d0226c-57b5-4,_SI*vS+f!9,김영환,0309163716528,2003-09-16,M,042-697-9733,jiyeonggo@example.org,236,0
c5dd1238-537e-4,&9Wg$hJan8,장순옥,8912261760314,1989-12-26,M,044-585-9900,gojihu@example.com,844,0
8a88658f-2c68-4,%4Tn5cyB0k,김지원,8903051705861,1989-03-05,M,055-762-5708,yunminji@example.net,511,2
86b43c35-fdac-4,$2pQaMqn73,박지아,9905091667028,1999-05-09,F,02-3141-9460,jihunbag@example.org,207,0
f283bf20-8810-4,$LLhg1oL08,홍광수,0204053342284,2002-04-05,M,010-1723-7706,hgim@example.org,185,0
5da602ab-395a-4,&3Cg3Bdl4p,김지후,9204281623829,1992-04-28,M,043-924-1654,lo@example.com,762,0
bad95eea-681e-4,$3^5MenIk%,최서준,9704171407306,1997-04-17,M,02-6898-2711,gwangsu02@example.com,390,0
9779bb55-7779-4,!jk3KFDvf1,이민재,9409131368871,1994-09-13,M,043-366-2748,minseog50@example.com,876,0
b19d69aa-d42d-4,ahtFd2Vm&5,김성민,9602181010367,1996-02-18,F,053-859-6725,gimjeongnam@example.net,422,2
10eefd83-ef20-4,v5F6Q@z8!w,최현준,9106221641293,1991-06-22,M,010-3902-8511,hanhayun@example.org,878,0
6f61f031-7e68-4,a8#4Qp2O6!,김지훈,9101251081737,1991-01-25,M,063-591-3420,yeongceol68@example.org,614,0
e4085679-e872-4,__dZ5INn*K,이민수,9811171409255,1998-11-17,F,061-322-8133,yunyeongho@example.org,849,3
a2024158-c24f-4,(9TB8Jkd5Z,김미경,0105173420739,2001-05-17,F,018-196-6171,hno@example.net,347,0
c1976acd-c453-4,E3_GO1Cj*m,신영길,0208103727455,2002-08-10,F,010-0516-4991,yeongsugim@example.net,405,0
1325d985-e036-4,@B0sNdvo_I,김수빈,9110131849336,1991-10-13,M,02-8481-9032,fgang@example.org,271,3
17c1f14d-5aa7-4,B*Q8KOzZjZ,송영식,0009063829888,2000-09-06,F,053-824-4902,sujin84@example.org,939,0
4b3c2fbe-3f71-4,fmNZB#I_&9,박승민,9706091647803,1997-06-09,F,061-103-4039,jeongsiggim@example.org,469,5
4e163a18-a5b8-4,9@#Q8bWI&@,박하은,9712031039140,1997-12-03,M,053-398-1777,gimbyeongceol@example.com,962,0
da5cb623-5a56-4,$R#1tuNr!),이은정,9503201259400,1995-03-20,M,041-430-2683,minjaebag@example.org,622,0
01fda32b-eaaa-4,A&1Maz4%HI,서동현,0403273436755,2004-03-27,M,010-1785-7028,ei@example.com,596,0
03d63910-3d4a-4,%6zzJ^Gq#q,이정수,9407261102098,1994-07-26,F,055-325-1043,pi@example.org,361,0
fe819525-4041-4,i&W0^QJmXa,최지은,9212071635227,1992-12-07,M,055-596-0784,yeongsugim@example.net,626,0
75b67b67-2987-4,%fHyzrZ54n,김유진,9410171693006,1994-10-17,M,010-3773-3142,jeongsuggim@example.net,661,0
c20751a2-c5dc-4,q(46CRftV*,곽정식,9611211281645,1996-11-21,M,070-6248-4908,geonu39@example.com,731,2
3551a4b4-1159-4,_V0^gWw+W&,김민서,9401111254779,1994-01-11,F,018-556-0519,yunjia@example.com,276,0
654b47c1-68ee-4,luc*L1YxAg,차승민,9311031721848,1993-11-03,F,016-453-1329,gangseoyun@example.net,622,0
8a087e4a-337a-4,*5w!XF8c5i,류정희,0508143296219,2005-08-14,M,054-625-6991,jeongsiggim@example.org,858,0
025ab475-b528-4,2O0b12%h+),이경희,8503241741644,1985-03-24,M,053-116-7695,dji@example.net,650,0
bca20eec-3d2f-4,a4gQy!Gv_Z,최지후,9306171810090,1993-06-17,M,070-7257-2170,yunminji@example.net,909,0
2ccb8c06-172f-4,!7ScU)JDFO,박영철,9802141670521,1998-02-14,F,016-026-1188,bagseongho@example.com,659,0
ba8a466d-77a3-4,aC1()BpyS_,김영식,9610241303600,1996-10-24,F,054-202-4553,lgang@example.org,135,3
999c2301-8dbb-4,u+7Zoijp!7,황진우,9209241466807,1992-09-24,M,042-414-2829,seoyun34@example.com,574,0
95d48108-0106-4,%yN#8QtAO7,김상현,9503211392197,1995-03-21,F,033-664-1034,yeonggilha@example.com,274,1
c8423ce3-5057-4,5j%rM2Hgql,조현주,0505073600810,2005-05-07,F,043-631-4819,seoyeono@example.org,158,0
ec558ee6-69dc-4,$m1ZnX5dat,문영환,8403271821505,1984-03-27,M,018-517-9167,minseog50@example.com,338,0
159623ac-3569-4,7*6YLYy0qo,김영식,9510251115347,1995-10-25,F,011-910-6064,yyun@example.org,698,1
32a3dc3a-5755-4,@%DlLcx&a3,남중수,8908161881157,1989-08-16,F,064-766-1537,qbag@example.net,795,0
f731c291-0c9a-4,5o(mo4SYv(,허성민,9807181786813,1998-07-18,M,044-793-3739,iyun@example.com,659,0
bd8ad568-bc2b-4,(X3yc6Isvy,오상현,8707271852122,1987-07-27,M,016-836-0373,ujini@example.org,393,0
f8d0bfd0-7688-4,16t2Bz(g*b,윤준호,9311191118494,1993-11-19,F,064-756-8799,rgim@example.net,960,0
94ee7df0-17ac-4,FVo0DLqH$g,김재호,9111281769597,1991-11-28,F,017-757-4407,caeweon78@example.org,237,0
fe688496-4fae-4,!cGGCUo1G2,김상현,0009023655803,2000-09-02,M,044-755-6855,minjaei@example.net,486,2
c040479f-2a16-4,o0G_wryP#U,김정남,8802121693808,1988-02-12,M,011-461-2385,jeongsiggim@example.org,997,0
e748bdaf-cf63-4,9snJ8JZyT+,곽미정,9101191505254,1991-01-19,F,033-362-4987,kyun@example.org,494,0
7dd7b5ca-a3d5-4,5(A5USyE!),김현정,8807011375207,1988-07-01,M,02-5174-3576,yunminji@example.net,853,0
96c9442c-d3f0-4,%ClHtKQ)$9,이미경,9807231497307,1998-07-23,M,010-1863-4223,gimjeongnam@example.net,626,0
83733171-28f3-4,IX8D%fz0b!,최성훈,9708111956928,1997-08-11,F,061-712-4117,kgim@example.org,400,0
fded4a3f-ecdf-4,56NomKer_9,윤서윤,8304121643343,1983-04-12,F,031-895-1275,eungyeong68@example.com,964,0
40fa67db-a3be-4,&COybebln4,서수빈,0008083959253,2000-08-08,M,062-974-0712,bagareum@example.com,864,3
e518ca18-d24e-4,2!93WkwIcM,최미숙,9505181289177,1995-05-18,M,062-975-9600,wcoe@example.net,708,0
5b04e31d-1e92-4,y^8w5(G#!a,이영미,8903201593187,1989-03-20,M,016-833-8229,jeongsuncoe@example.com,300,0
6358153a-46f6-4,f37T#)WF$L,차민석,9407091835650,1994-07-09,M,010-7228-6748,yangujin@example.net,196,1
19ec1bb9-db73-4,^NLuFHLl3A,이광수,9204201287148,1992-04-20,F,052-933-3148,seoyun34@example.com,705,0
8b3887d4-7b1b-4,#5mM0wiX41,김도윤,9608141560105,1996-08-14,M,017-518-5766,mgim@example.net,781,0
831a9d35-1238-4,!7apQEe)Qv,김영길,9305201874867,1993-05-20,F,042-982-2550,dgang@example.com,225,1
c7c13182-fcbf-4,_ISo#H0s2h,이유진,0111033118098,2001-11-03,F,063-190-0395,vi@example.org,978,1
954fa7b3-6427-4,_7teaTcWKT,윤지영,8612271919300,1986-12-27,M,070-3278-7485,gyeonghyibag@example.net,843,2
0648c5e5-6cb1-4,o5Px^Cm7%3,김경자,9512101196299,1995-12-10,M,041-242-3990,gyun@example.org,284,0
48968a8e-a53e-4,ZU)98Fqy1i,박현우,9805061293223,1998-05-06,F,017-043-8193,seonghyeon06@example.org,507,2
4471331e-d6af-4,u2^ZkSUH^u,최은서,9105051943126,1991-05-05,M,044-701-1079,jiweonbag@example.com,203,0
3f3a01bf-0b25-4,1_1E(2Lvq4,서주원,9710011587241,1997-10-01,F,062-522-2449,gimjeonghun@example.org,810,0
81ebcef7-bf57-4,!a)CO&2fO0,이수빈,0110243302390,2001-10-24,F,044-313-2671,jiyeonggo@example.org,130,0
cc079179-7d3d-4,%9fROggia0,조지민,0103163808532,2001-03-16,F,033-617-2620,hsong@example.org,324,0
19706fed-b7c9-4,&K9iFkJd12,김성민,9111151343157,1991-11-15,F,070-9729-3801,ijia@example.com,361,3
a4131db0-8b0d-4,n^0ZHAX_iz,하영미,9509191434861,1995-09-19,M,033-326-2317,hyeonjibag@example.net,384,0
a24aafa0-2dd9-4,@vM0Tmwu(7,고영일,9502191182726,1995-02-19,F,032-198-1658,ujini@example.org,917,3
4812138c-91a5-4,(4T#+dj$Uj,백옥자,8912181321475,1989-12-18,F,063-958-2207,nyu@example.com,524,0
2badc483-bbbb-4,S^Pd23Pzv3,박정순,0001123668289,2000-01-12,M,02-8441-4608,xhan@example.net,671,1
2e6cf3d3-bf27-4,Gqj26KF#l$,김준서,9801101978963,1998-01-10,F,017-936-3370,qgim@example.net,208,2
e7413cff-44c2-4,c0ZYX!lL(G,안진호,9607031186187,1996-07-03,M,017-309-4192,gimseoyeong@example.net,33,0
d1ad4a91-0e2b-4,Gj@37CgU&*,김준혁,9404081319661,1994-04-08,M,02-6889-9000,ggweon@example.com,538,0
21805078-c3c5-4,JiAFVyhE%1,박영숙,9504071713182,1995-04-07,M,052-940-4525,ugim@example.org,563,0
de1c3945-c83c-4,ju2Y2T0w&Z,박예준,9610171969647,1996-10-17,M,041-618-0854,gimyeonghyi@example.org,359,1
6111a2b0-78d5-4,z7Az$HuV@&,이영환,9506251303738,1995-06-25,M,041-536-8631,hgim@example.org,845,0
43a115e1-f0ac-4,KL&6QUgpi^,이지혜,9501051377194,1995-01-05,F,041-202-3114,byeongceol29@example.org,401,1
fdef6e7f-8f89-4,s3NX*4Km)f,장영희,9806241419175,1998-06-24,M,061-942-4866,jimin74@example.com,235,0
7f24106d-6c5a-4,%pj)8IhQUr,강주원,9903141307428,1999-03-14,F,052-139-5265,byeongceol29@example.org,756,0
94abd06d-22ca-4,+19R*zkN@I,이은정,9311051185515,1993-11-05,M,070-8059-8898,yyun@example.org,205,0
0981ed9f-2afc-4,V1)Na3UmVh,김종수,9905171666027,1999-05-17,M,061-509-8787,yunyeongho@example.org,294,0
9262f7ba-ac12-4,!@PR5ShsS@,고춘자,0011223283975,2000-11-22,M,061-112-5956,ihyeonji@example.net,599,0
c64d6521-1c0f-4,Y@4ZI9vcWc,허상호,9603191643122,1996-03-19,F,063-587-4747,bagareum@example.com,938,0
7bb19592-0d41-4,&E54)4NtZB,백예지,9509141204791,1995-09-14,F,019-561-0043,nbag@example.org,662,2
b4c59d4f-3aff-4,IF7LQFk#@S,김예준,8302041738009,1983-02-04,M,043-698-8014,gimjungsu@example.org,476,0
c249ef5c-52af-4,6kJBycx)^5,안서영,9805241948623,1998-05-24,M,063-025-5657,gimyeonghyi@example.org,695,1
10b6bbef-8d3d-4,(0H9T6QgI%,윤재호,9010241827303,1990-10-24,M,032-151-0182,ijihu@example.net,723,0
8a020eaf-fe75-4,E^y$5OTvoQ,최현숙,9110221229921,1991-10-22,M,062-602-5894,gangseoyun@example.net,286,2
c7641d0a-86fb-4,48FggtLP)&,하아름,0002093979496,2000-02-09,M,042-019-5182,gyeonghyibag@example.net,725,0
f7a8a567-c252-4,#7BgwZ&y*0,엄상철,9102051705546,1991-02-05,F,051-437-9542,bagdohyeon@example.net,927,3
885b23d4-56c7-4,$UtBvvMB0j,이민재,0001103331923,2000-01-10,M,011-295-3656,minji27@example.org,463,0
ad96a27e-81ba-4,!daZ00Msez,이성현,0506283046988,2005-06-28,M,064-704-4196,yangyeongmi@example.com,727,0
6f6e3c40-e264-4,T%g4ROnBb(,허현우,9106231986341,1991-06-23,F,02-1911-2740,jiweongim@example.org,664,0
38190392-cb39-4,ytb42pIG7+,최은영,0311093344152,2003-11-09,F,043-819-6961,coejeongsu@example.net,26,0
260804d6-d311-4,^eFOI2Uv2#,김정자,9207211704896,1992-07-21,F,016-450-2104,hgim@example.org,625,0
85ab3aac-fdfc-4,op!S9lUy+7,김건우,9810241832041,1998-10-24,F,010-1879-5740,dgim@example.net,724,0
3df9284d-ce29-4,l)4RngdoX2,김종수,8605071774862,1986-05-07,F,010-3610-6672,jungsu82@example.net,274,0
6bfe51ec-ef6e-4,&$22FVxue),김서현,8903231035410,1989-03-23,F,062-270-6871,yangyeongmi@example.com,317,0
c893796c-3f52-4,)l2e)PFd0v,최상호,9706201356213,1997-06-20,F,011-888-2862,jiweongim@example.org,779,0
4aad12d8-5a13-4,^YhfVYRrf9,박시우,9812161725666,1998-12-16,F,052-639-5709,caeweon78@example.org,598,0
bc399c12-0fa2-4,w8@(MG!z*C,오예지,0102033872108,2001-02-03,F,010-8335-7800,misug28@example.net,670,3
8a8d3e70-dc82-4,&A4UNbHxh8,이민지,9708081616049,1997-08-08,M,063-485-0137,byeongceol29@example.org,308,0
77eb14a0-be72-4,p_%7Bdm_1c,송은주,9605171185020,1996-05-17,M,02-3109-5793,zsong@example.net,347,0
53020b16-fd13-4,%vxm9JV&I#,최현정,9606151335974,1996-06-15,M,017-028-6836,seojuni@example.com,960,2
571907f3-97e9-4,ERmU)1SonW,최성현,9408131010153,1994-08-13,F,043-350-9558,yeongsugim@example.net,557,6
72a50ac4-e36a-4,uc8opqMWq+,이하은,9202171411894,1992-02-17,M,044-265-7902,seunghyeono@example.com,251,3
fe05e8ee-cb23-4,0SiNkiPG+g,이정희,9302221272274,1993-02-22,M,062-889-9630,minjun33@example.net,450,0
c7bba57e-5215-4,(*9oj5NmHR,김예원,9812271908601,1998-12-27,M,044-028-8989,jinu45@example.org,317,0
ea630a4c-d3ce-4,27SgHpdF_b,류영수,0202213634637,2002-02-21,F,019-659-9816,jihyeo@example.org,191,0
29e50d0c-a7a3-4,+r4^Xj2zDj,이옥자,8807211096934,1988-07-21,F,041-086-6803,eunjujo@example.net,525,0
a0cf71cb-4fc9-4,Ok31X!Wx0%,이서준,9806161745422,1998-06-16,M,041-538-2390,mijeongbag@example.org,921,0
13856cd8-c0bc-4,*KNSAX6lt7,박정수,9808111057943,1998-08-11,M,063-479-5066,gimseongmin@example.net,104,0
4ae7a982-70b8-4,S9NDXzGj)S,김영순,9708241823695,1997-08-24,M,033-693-7983,hyejingang@example.net,33,0
1c519d16-1dc3-4,7xfz4_Ah^&,김지훈,0408143775039,2004-08-14,M,016-965-3845,gimmijeong@example.org,69,0
58857de2-3296-4,3kTNmHO6*4,김상훈,9708051188694,1997-08-05,M,070-7411-2352,kgim@example.org,80,0
d5982c10-2813-4,$78CQrxcaZ,민민석,9707011875039,1997-07-01,F,010-4600-0233,dji@example.net,851,0
4d822179-338c-4,eE8U^YLd!+,박지훈,9107151841015,1991-07-15,F,02-7868-4639,jeongsuggim@example.net,658,0
1822f58e-bae5-4,**_%0UPbLq,박현숙,9107131347680,1991-07-13,F,055-957-1391,mgim@example.com,650,0
7df7bb91-aa74-4,+Q91XTMuY&,김은주,9405221726669,1994-05-22,F,054-051-0528,gimjeonghun@example.org,480,0
d5941c04-d05d-4,$sX8THYx6T,김영식,9009121469250,1990-09-12,F,010-1358-5596,rgim@example.net,449,0
9ee76ef2-5c9e-4,(8hYaJ_e8k,김혜진,9308101135360,1993-08-10,F,061-884-0731,minjaebag@example.org,159,0
e38a03a7-9ae4-4,ZG#EUWxs#8,이우진,9503271711290,1995-03-27,M,031-256-1196,jaehoi@example.net,664,0
6d457f69-9c80-4,j@5U_9(*Pb,심정웅,9403011866246,1994-03-01,F,062-037-7012,juweongim@example.org,318,0
26d9fd3a-9c06-4,(u0jYegk+Z,김옥순,9509021272117,1995-09-02,F,061-126-1136,seoyun34@example.com,751,0
af4cd8ff-0dce-4,+2ZPxMmMgK,차성호,9605101609457,1996-05-10,M,044-713-5567,jeongsu58@example.org,61,0
fcd1b7c9-50f6-4,_6SNjF3^Xx,민준혁,9611231437483,1996-11-23,F,016-628-2403,iyujin@example.org,897,0
fbd89dbc-01ec-4,o+7GSHBfG+,엄경희,0002143001504,2000-02-14,F,051-310-9773,seunghyeon86@example.com,59,0
5e15da4c-1c60-4,e_$3fVjmLp,김서연,9301021902927,1993-01-02,M,062-110-2885,ugim@example.org,599,1
867e78ae-ee0c-4,nnxf+2Cj+9,전지영,9903011821119,1999-03-01,M,011-727-6916,ryuhayun@example.org,206,1
3f52301d-618b-4,_mc3iUg4!z,김준혁,9002161611778,1990-02-16,M,051-986-0307,hsong@example.org,552,0
7c187b23-c822-4,1%6R%cfAXb,황승현,9602051568218,1996-02-05,M,051-348-9862,jeonghoi@example.net,747,0
0dba1737-fa3e-4,QK*2Vr9Bgh,윤상현,9409081165858,1994-09-08,F,052-767-2050,yeongho02@example.net,930,0
7477485a-1f17-4,%4!Y%wzW#9,이순옥,9205081912965,1992-05-08,F,032-054-4722,misug28@example.net,964,0
81bacf45-e09c-4,D&^4E0j$mI,권성수,9106171500024,1991-06-17,M,061-003-6735,yyun@example.org,668,0
13588dbc-acc4-4,+T4MqjA*^),조은경,0203063177244,2002-03-06,M,016-067-1270,eunyeongan@example.net,893,0
da4dcf10-f74e-4,zx7a1LUc+o,박윤서,9601061553187,1996-01-06,M,055-125-7367,haeun91@example.org,647,0
464585d1-5981-4,#IdFqbe16#,최정수,9005111319356,1990-05-11,M,070-7831-5433,dgang@example.com,980,0
37babf8d-33c6-4,*q4UJZeXJL,김정수,0305253685053,2003-05-25,F,041-847-9574,jiweonbag@example.com,34,5
77796254-20a9-4,)y8_LMmBle,윤하윤,9307181424041,1993-07-18,F,017-630-1131,yeongsun85@example.org,664,0
3a9c5767-096d-4,W52YzL_eF#,한영철,0507013432458,2005-07-01,M,016-114-5858,gi@example.net,175,0
f150834d-0b25-4,FX4wT#GuL*,조건우,0008073999164,2000-08-07,M,053-854-9739,eungyeongi@example.com,264,2
6146372b-491c-4,e@D4XHyRTO,김현우,9401011925263,1994-01-01,M,019-003-2395,wgim@example.com,936,2
e079d22d-f146-4,*u8qYjnDlx,유영일,0301213837879,2003-01-21,F,033-182-1539,yejin33@example.org,986,0
4d007264-f4bb-4,04&U)Ow$#s,우수빈,9906121106527,1999-06-12,M,031-808-5497,zi@example.org,739,0
356ad0e9-35b9-4,8(9f!OSbuD,김지후,0211243690397,2002-11-24,F,044-252-1029,gimujin@example.com,775,0
b135b886-df70-4,JUDA%aZ)%3,김수민,8607061266734,1986-07-06,M,053-709-8455,gimsumin@example.net,717,0
155724ee-fb2e-4,9hN+A9Be$F,전영길,9403191042124,1994-03-19,M,041-888-1084,yyun@example.org,407,0
6d82ef57-30ac-4,21TBeL1g_U,장진우,9205171658677,1992-05-17,M,017-036-0202,mgim@example.com,256,0
ee58c299-fc14-4,yt7S8_*@$^,심지영,9610111444698,1996-10-11,M,052-294-4056,mijeong69@example.com,511,0
ea9be952-2702-4,f68EMc7nW(,이옥순,9611171836460,1996-11-17,M,044-868-7090,lgim@example.net,424,0
6f582432-aa06-4,$Ttp$0Wp!T,김경수,0309033400768,2003-09-03,F,02-5772-3112,qbag@example.net,562,0
6d9c2c9c-de45-4,V4RgbhbZ*z,류옥순,9608171787929,1996-08-17,M,055-023-9376,lgim@example.net,621,0
43cd7178-6148-4,(0_D6Uwyv1,김현준,9806071461312,1998-06-07,F,010-1315-8846,gimsumin@example.net,643,0
5a926e07-f8dc-4,1HK00Ts#^w,권지연,9003161572747,1990-03-16,F,043-540-7600,mijeong69@example.com,726,0
4c682617-2f0d-4,94ZYod08(s,김경자,8909241305846,1989-09-24,M,052-316-4718,seoyeono@example.org,314,0
fa4be89f-0aad-4,oI!75GhtCh,장성진,8703171221530,1987-03-17,M,011-900-5078,bagsiu@example.org,501,0
e2788a1e-ccc5-4,&J@Q0@Cr@+,강현정,9008031980279,1990-08-03,M,063-468-7766,minseog50@example.com,576,0
b1c18ca3-07a8-4,)V(@+Rws2G,이지영,9705031452750,1997-05-03,F,011-854-5600,ujini@example.org,105,0
681b1bca-c531-4,U!9HTSsg$k,윤영자,0002203144952,2000-02-20,M,02-3608-3357,gimjeongnam@example.net,672,0
15c73855-7ae4-4,N#8aI)TuiC,이보람,9108131631647,1991-08-13,F,070-3365-2900,qbag@example.net,685,0
30095fd6-88e8-4,jJ$iP7Qcfm,류지원,9308131263634,1993-08-13,M,033-131-0812,ijihu@example.net,828,0
2a9aa6f5-09d9-4,2BX1qEXc1@,박성호,0303153554753,2003-03-15,M,064-731-3721,nhong@example.com,472,0
e18d642d-a8dd-4,#FtC#m4q@3,류예준,9303231537218,1993-03-23,F,010-2499-7557,gyeonghyibag@example.net,746,2
867d1f70-49c6-4,l@YFdt9S^6,김아름,9006061152451,1990-06-06,M,054-230-9872,jinu45@example.org,387,0
abd7046d-9425-4,qNVtHRJ$#0,이예원,9406251545034,1994-06-25,M,018-245-5345,mijeong69@example.com,173,0
b42900e5-6af6-4,g^)7SWjj*7,김정남,9509061731841,1995-09-06,M,031-133-8887,siu48@example.org,387,0
4ec55a0d-640a-4,&YOcq9&L^3,김은정,9912031677220,1999-12-03,M,052-473-7893,munjuweon@example.com,154,2
18a80c97-652d-4,q2AC+EsF)s,이서연,0211043691419,2002-11-04,M,051-920-5047,jiweonbag@example.com,222,0
ada4cca9-9186-4,_O1W%&db55,주민준,9012101628745,1990-12-10,M,010-5615-6066,jeongsuncoe@example.com,662,1
cb71e89b-10d7-4,)b6WfxYkA^,김주원,9607091221385,1996-07-09,F,052-811-4134,jeongsu58@example.org,889,0
2d7b6b0c-564b-4,lRZ3MSnw_*,백정수,9611271158647,1996-11-27,M,02-0903-5532,wgim@example.com,143,0
237c4ce7-969f-4,So0zATjH6%,김정숙,8606061733127,1986-06-06,F,070-5642-1573,ygang@example.com,101,0
259508bd-8da5-4,%_B4xCvvCc,차현우,9106251315233,1991-06-25,F,052-128-9907,gimsumin@example.net,676,3
8d455600-5a07-4,0Ziq)bst)3,이서영,9308281597844,1993-08-28,M,033-070-2731,yeongsun85@example.org,637,0
9d2b7d02-dbc3-4,Iz8WAg%f)6,남승민,9411201243881,1994-11-20,F,011-093-5358,gimhyeonjun@example.org,450,2
113f5337-0798-4,(7CB_LBsb2,문지원,8703041078889,1987-03-04,F,055-599-2124,xgim@example.com,891,0
9b642843-36eb-4,s^47FkRvvT,김지민,8607111953572,1986-07-11,M,055-289-5534,mi@example.org,998,0
f79261b6-96a0-4,_61jK7pR$1,박현우,9012161201802,1990-12-16,M,031-939-2988,jiyeong00@example.org,56,0
7e5f91ab-37d9-4,MF8trbZto*,임경희,9206101310325,1992-06-10,F,051-043-0944,seunghyeon86@example.com,665,0
fe06544e-3553-4,#%4KSsy!%!,안지은,0509203563609,2005-09-20,M,033-445-6725,jeonghoi@example.net,582,1
77b4cbc9-7324-4,$y4V#4jY)(,김지후,9401151062319,1994-01-15,M,011-010-3312,eunji21@example.net,953,0
1d440540-3070-4,0MKHzcYd*R,박상현,9506251447586,1995-06-25,F,016-314-4051,misug28@example.net,337,0
7458b76e-f120-4,$cYrP4QR_3,이현우,9405171478565,1994-05-17,F,044-072-5161,jihyeoncoe@example.org,916,0
7150a62b-d07f-4,+3*#QyIDo@,박정숙,9005231037466,1990-05-23,M,051-113-4498,wcoe@example.net,941,0
7c4e186f-2746-4,Z0)tVDdB%^,양영미,0503163329314,2005-03-16,M,053-568-3267,jaehoi@example.net,601,0
bd4dd1b5-07a5-4,o)(n5TEby5,이춘자,9703221717362,1997-03-22,M,051-102-4982,hno@example.net,863,0
b951df8d-dbf5-4,F!+1BUGo^7,장예은,9301171011922,1993-01-17,M,055-259-6355,dgim@example.net,661,0
7c149fdd-6169-4,!7n9shByQ1,송은정,9706121116725,1997-06-12,M,031-197-3654,migyeongyun@example.net,621,1
86550229-0fb5-4,2x5Cx&Zb#),지영순,0204253997941,2002-04-25,M,033-522-5985,gimhyeonjun@example.org,428,0
66db161f-e566-4,w7m1jr!b#G,최영자,9002241322445,1990-02-24,M,070-2239-6830,miyeonggim@example.net,456,0
b9959d8d-48e4-4,Rk6CBEg%Z),김유진,9312111811600,1993-12-11,M,019-999-9282,jeongja09@example.net,351,0
80ca3f1c-bbc4-4,!98D9h!zT3,박선영,9907081569151,1999-07-08,F,033-422-5600,miyeonggim@example.net,622,0
8905f3a3-58aa-4,s3ADJU2e%j,백예준,9308101360552,1993-08-10,M,051-843-0435,sugja73@example.net,573,5
b380d4fa-7615-4,B&q2Nyr1$o,박정희,9005151092289,1990-05-15,F,043-108-5950,sujin84@example.org,696,0
6a330132-b642-4,dW+WX3VpC),김준서,9412151164740,1994-12-15,F,017-438-7987,eunjeong42@example.net,879,0
1adbe843-aa8f-4,e94GpCUo)y,김민지,9001261712454,1990-01-26,M,061-132-7135,jihyeoncoe@example.org,500,0
e1c54040-22c0-4,%EhCt8sm!2,정은주,9408011952604,1994-08-01,M,016-324-1659,jiagim@example.org,974,1
d37d66c0-5db3-4,Cq0ZrpIDT!,오현숙,9610261216878,1996-10-26,M,070-8843-1770,bagareum@example.com,929,0
e7b3cd9a-01b9-4,@2FHM$j1bb,박서연,0007273528592,2000-07-27,M,044-411-5680,seongho41@example.net,95,0
ebe6173f-68cd-4,*)5QXf9eWW,박옥자,9504041373065,1995-04-04,F,063-401-8369,jeongsuggim@example.net,363,0
78febd25-d70c-4,3v^1LH3rMZ,김민준,9410091780476,1994-10-09,M,053-934-0792,yejin33@example.org,897,0
88dfde90-c05e-4,#qt6FRgHwq,민보람,9012241708965,1990-12-24,M,033-673-0961,jiyeong00@example.org,977,0
dde01341-baba-4,IODY1Pl$!_,김예진,9510121422431,1995-10-12,F,062-659-5582,bagdohyeon@example.net,753,0
d0ee9d20-fdc9-4,@5YqciwWG@,윤지우,9207051449260,1992-07-05,M,054-199-2149,juweongim@example.org,843,0
a84f2d82-ba59-4,32b0D$UH@a,김옥자,9903131611938,1999-03-13,M,064-771-5369,hi@example.org,221,0
15e51cc7-ec0b-4,&9rU9Gv^V*,이정수,9806241789122,1998-06-24,M,010-4958-5519,jiyeongan@example.com,895,0
47a0946b-07d0-4,goKtmd2O#6,이진호,9508251438071,1995-08-25,M,044-530-3819,jihyeo@example.org,664,0
49573cb2-a0b5-4,l!9ER85wzg,김영호,0001203327384,2000-01-20,M,033-094-9439,sangceol30@example.org,153,0
a0537993-6887-4,iSd++2Qsgd,이도현,9006281809548,1990-06-28,M,010-1308-9116,seongyeonggil@example.net,594,0
7c86accf-189e-4,&#gGwAaP7G,이성현,9205011965154,1992-05-01,F,052-144-3655,nbag@example.org,840,0
b0343d6b-3886-4,&4R(Cok06u,민진호,9302101925009,1993-02-10,F,063-506-0001,gyeongsugyun@example.org,8,4
2d0b05cd-5ff6-4,e+Gu8BdxR$,한예원,9307081697402,1993-07-08,F,044-536-6415,eunji21@example.net,550,0
6bbb3cf6-1378-4,s(796Uh41B,문진호,8402211001266,1984-02-21,M,063-048-8300,minjaebag@example.org,751,0
335b98f0-040e-4,_EyP)nE!r8,윤도윤,9704211810066,1997-04-21,F,041-290-6968,minseog50@example.com,175,3
3f3ae87d-6df2-4,obEIVCOa*3,최경수,0507013568385,2005-07-01,M,070-4216-7611,zsong@example.net,693,1
1a6cd061-8f05-4,%)LeBt^Q2j,한하은,9401141780357,1994-01-14,M,052-667-1094,seunghyeono@example.com,581,0
5d58506c-b8cb-4,_9AOgfOv32,이미정,9504071031455,1995-04-07,F,019-911-5951,jihyei@example.org,813,0
dea8999b-77d9-4,$6KEsb@yuZ,김예지,9703061964061,1997-03-06,F,02-2348-8584,yangyeongmi@example.com,166,0
5b68a057-299b-4,%EYqjg@bL1,이명자,9907261366287,1999-07-26,F,043-842-1529,yunseojang@example.org,941,0
cf1badb3-20ae-4,oWIJ1hVm+2,김진우,9701211983386,1997-01-21,F,053-720-5530,jeongsig80@example.com,229,0
49424a90-520f-4,)8GfwvvOgk,주예원,9410241181224,1994-10-24,M,052-065-5646,donghyeonhwang@example.net,326,0
02aa1698-5620-4,$@c1UVaVHs,백옥순,9702051989286,1997-02-05,F,019-027-4955,lo@example.com,13,3
cf10418f-bc87-4,9bQEVk*+#B,박성훈,8306051083794,1983-06-05,F,018-984-7275,jiyeongan@example.com,882,0
bb1386b3-b905-4,!#718GYqbm,이성훈,9901251394351,1999-01-25,F,011-872-5675,yeongsungim@example.net,503,0
b769f9b0-6043-4,(D&7KZ8r)d,한은영,9806271404154,1998-06-27,M,064-728-4273,jihyeo@example.org,938,0
3d5b4a65-ce0b-4,$q+3PmSR!1,김은서,0506083333618,2005-06-08,F,033-034-3462,ei@example.com,680,3
e54b82e8-0ecd-4,Ot#QswoZ!9,김민수,9303121608086,1993-03-12,M,043-336-2580,yeongjagim@example.net,260,0
9fc86b41-79c7-4,(oYJx((wp6,양현지,0512073841186,2005-12-07,F,032-216-7671,yangujin@example.net,183,0
2fa0e662-da06-4,_VBJ)z9yq3,황정호,9703261144274,1997-03-26,M,043-544-0150,jiyeonggo@example.org,962,0
380d9c19-8e09-4,@vcHsK4MC1,김재현,9609191317356,1996-09-19,F,064-729-9277,gyun@example.org,953,0
df0df443-e00f-4,U4NCOS#j^r,박상현,9806041275821,1998-06-04,F,064-768-4979,ohayun@example.org,410,0
0ac5b2f2-a7da-4,((T$^GjC45,김현정,8608111947240,1986-08-11,F,044-031-1055,vi@example.org,706,0
7aa5360d-cecf-4,B_q33Nmkbj,최지원,9002151921163,1990-02-15,F,02-3102-5982,vbag@example.org,640,0
29cf310a-7f53-4,c(z3wLeQ3C,노승현,8802141948090,1988-02-14,F,031-303-7209,gimseongsu@example.org,759,0
3143d929-7ec2-4,+xIua#b!h8,구승현,9907171533211,1999-07-17,M,062-169-2578,jiweongim@example.org,303,0
3b131a16-7cb8-4,9elM3BRm(v,이지영,8906161836299,1989-06-16,M,054-350-7758,yeongsun85@example.org,995,0
6c30a729-8991-4,)7KMGur*1y,안상철,9206061052185,1992-06-06,M,031-580-1031,jeongja09@example.net,104,0
315b506a-d75b-4,3$18G@io&l,최지은,9112241817897,1991-12-24,F,016-475-3770,gangjinu@example.net,343,0
9f409230-cc9a-4,UPa1B0Cc#H,김정수,8910031306485,1989-10-03,M,019-001-8312,seongmingim@example.org,602,2
bc6d1d83-27ba-4,A&&61Eug&z,김경숙,9906091172017,1999-06-09,F,019-906-7275,rgim@example.net,781,0
50561830-8e39-4,wG@7K%Ky&V,장현정,9706091705535,1997-06-09,F,041-694-1177,yeongho02@example.net,1000,0
c117f6cc-3d8c-4,G2ZhVHcs#X,정명숙,9006231630698,1990-06-23,F,063-432-4618,seunghyeon86@example.com,410,0
b90f3a31-3f93-4,@$aL1qryd9,김민수,0510013815062,2005-10-01,M,033-536-4810,seunghyeon86@example.com,855,0
ef85e3b3-cad6-4,VaTXQB@_(8,윤동현,8703021843539,1987-03-02,M,070-9369-2344,vbag@example.org,782,0
84d7f7b3-88fd-4,+z9#mMQjvF,오은정,9204221654017,1992-04-22,F,010-2425-8571,caeweon78@example.org,647,0
13ded274-9f29-4,D8GzBo@b*+,김옥자,9507071270202,1995-07-07,M,031-412-3732,jiagim@example.org,94,0
b1d94638-f454-4,P!@$8Pf8LW,전경숙,9306251033744,1993-06-25,F,02-8360-9992,mgim@example.net,754,0
9a8c7275-c1df-4,a)nG+1Ns+t,김영호,0011183579803,2000-11-18,M,032-600-4166,zi@example.org,758,1
b7090005-1165-4,aK0Dw$kT&H,김건우,9604081121098,1996-04-08,M,053-006-6766,zsong@example.net,604,0
9557bc86-bc65-4,(O73J4#rBG,김지원,8912261967760,1989-12-26,F,02-9627-8566,minjaebag@example.org,720,0
448597bf-6599-4,!yNET8504a,김민수,8809071294846,1988-09-07,M,064-769-9622,eunji21@example.net,469,0
6afd148e-c1de-4,JRg#N1BfKH,김하윤,8310191364841,1983-10-19,F,011-806-6965,jaehoi@example.net,587,0
3ad027f3-74ed-4,^Kbi6E2cy!,이은정,9512091847719,1995-12-09,F,032-266-7201,eunjeong42@example.net,330,2
71346771-79e2-4,jE9eGU38+2,임동현,9812031650159,1998-12-03,M,052-764-6369,minjaebag@example.org,570,0
1777f540-491f-4,@5SD6Yh3Ie,이정순,9704191000471,1997-04-19,M,070-5674-8987,yeongceol68@example.org,511,0
8ebe20e6-2680-4,ev!4BDtz*W,임영호,0012083484436,2000-12-08,F,032-449-4930,lgang@example.org,929,0
8872c1fd-5cbd-4,_pU$uzXp8z,이옥순,9508101509994,1995-08-10,M,070-5178-7744,hi@example.org,349,1
dd93dc57-fb6d-4,a*_64Q#i8D,이혜진,9312031267454,1993-12-03,M,064-782-3503,oyejin@example.net,726,0
11b8b8a6-5901-4,Z(0vOdij8),박영길,9503181774711,1995-03-18,M,064-771-9095,dgang@example.com,566,3
0e37855f-cc39-4,B45UYQ4e(p,김지연,8901251455506,1989-01-25,F,019-381-0849,mi@example.org,178,0
58905abf-18dc-4,!1Iv9(Epmw,송우진,9605161088454,1996-05-16,F,051-950-4138,yeongilim@example.org,76,0
d3298425-6573-4,%6BmwVcD%@,김현준,9606271079259,1996-06-27,F,064-766-3295,ujini@example.org,711,0
7fbad241-a19b-4,@10gL^lBA_,박채원,9705161072353,1997-05-16,M,062-097-9512,gangseoyun@example.net,895,0
ba37abba-ea61-4,@2BfN8Yrfd,류서영,0311023676905,2003-11-02,M,016-555-5334,jihyeoncoe@example.org,694,0
5ad6274f-1b83-4,)tQ1CpgB0n,양예지,0201153432716,2002-01-15,M,033-448-9488,nyu@example.com,270,0
02e8774b-c403-4,&$0Krqys1U,노지현,0002053004689,2000-02-05,F,031-783-9286,ygang@example.com,821,2
2749a52a-9ee9-4,B$3b8O6xvx,김동현,8802111795453,1988-02-11,M,051-997-5531,seojuni@example.com,757,0
72ca2896-09f5-4,!#URAgP22d,박보람,9009081780650,1990-09-08,M,043-541-1499,bagjihye@example.net,732,0
61a046ec-8805-4,$_r0A3%J3o,김민지,8812041830852,1988-12-04,M,017-390-6100,ijihu@example.net,585,0
8605444b-a220-4,u9gBVW#$(J,이도윤,0108183762742,2001-08-18,M,016-757-5276,dgim@example.net,369,0
e4efe1ed-d1f1-4,^ETgWxxM22,김광수,0411103543600,2004-11-10,M,032-207-3984,jeongunggim@example.org,139,1
7d003420-be71-4,&DvnM8HmC%,김정식,9810111920082,1998-10-11,M,042-863-8928,hyeonji24@example.com,80,0
929f3f58-9fd4-4,%6)A0^p9B3,류현준,9403051826605,1994-03-05,F,044-391-1151,minseog50@example.com,352,1
c1cf5e5e-8358-4,j&g4FS#c3(,김명숙,9210251039055,1992-10-25,F,064-736-3911,pi@example.org,88,0
f686de72-23e4-4,E@3YGvmG0y,강정희,8910221551635,1989-10-22,F,033-314-9807,eungyeong68@example.com,819,0
07bb9ea5-52a9-4,&1Y3%TDuJt,박수진,9303071829281,1993-03-07,F,031-908-3445,jiyeongan@example.com,595,0
5b96e35e-a93b-4,UE5G3^xa!b,송영식,8610181919254,1986-10-18,F,063-266-0170,jeongsuggim@example.net,268,2
ddff4a8f-05b0-4,Q26Zwh+G$n,손하윤,9608061665152,1996-08-06,F,070-1498-1407,yeongceol68@example.org,876,5
93e3b303-d9db-4,uJ9kZmps$),김중수,9903111715545,1999-03-11,M,051-756-6428,gojihu@example.com,423,1
b609e43c-2134-4,^%3VdZSp^F,김미숙,0304073297969,2003-04-07,M,070-7213-7949,nhong@example.com,783,1
f15f88a9-b565-4,d2(o@9Nx0@,김승민,9901121207691,1999-01-12,M,052-795-9785,seonghun81@example.net,397,0
437e7d3f-9606-4,s3L1Wk3U+%,홍서연,9305201360936,1993-05-20,F,033-685-4282,ijia@example.com,861,0
84cac325-d384-4,%15&wNtDDU,김정숙,9908201666042,1999-08-20,M,070-7976-5622,ygang@example.com,883,0
ae1d42eb-b33c-4,__0E1NjxqY,김명자,9006041897296,1990-06-04,M,042-449-6816,hi@example.org,735,0
d18a4d2b-c345-4,J0Z6l5Lo&@,김지우,8703091075758,1987-03-09,M,055-949-5226,seojuni@example.com,319,3
f09a44d3-6c38-4,_%3T2Nzm%1,조영수,0510273072435,2005-10-27,M,070-8362-7656,jeongnami@example.org,883,1
7a43bf03-b8b3-4,%5x@iSGwSf,문영길,9005201630396,1990-05-20,M,033-436-7810,hgim@example.org,880,0
fc8d64c5-ce5e-4,Tc3ASjpl+g,강보람,0505243983269,2005-05-24,F,031-253-0659,ggo@example.net,369,0
b7f7c4c9-ef81-4,_Wx2Pj!WAi,박하은,9211161920966,1992-11-16,F,064-794-2728,haeun91@example.org,317,0
85daf41f-9c2e-4,7hv0uLcy3),송준혁,8803101746937,1988-03-10,M,043-249-5469,bagsiu@example.org,709,0
f9d125c5-aca2-4,_(bZgSqX1u,권지훈,9403161706384,1994-03-16,F,019-853-9039,migyeongyun@example.net,106,0
5dd32576-0708-4,D1OdfyLU&R,허미숙,0105093223422,2001-05-09,F,010-0780-6478,seongyeonggil@example.net,214,0
fd8b2f8d-49d7-4,6rbKL09l#n,김영식,9710191201249,1997-10-19,F,02-9351-0730,seongmingim@example.org,290,0
0e217c5e-d59a-4,#hjVj_U7z1,윤민석,9603021495164,1996-03-02,F,064-785-4956,jungsu82@example.net,730,4
75af37bc-df2a-4,59KMXZvM)v,김현우,9510181841880,1995-10-18,M,062-639-6032,gimjeongnam@example.net,349,0
1e52822d-4026-4,))xuPDfx5j,서현준,9612141975931,1996-12-14,F,017-015-1406,ihwang@example.net,431,0
92f511fc-4073-4,_G9Q8Yfu&S,권상철,9511031948520,1995-11-03,M,032-609-8477,ogjai@example.net,129,0
2c638b75-760f-4,49#*LgL$%I,오경희,9307271505589,1993-07-27,F,019-357-8527,gimyeonghyi@example.org,552,0
4e70c3b3-9ce1-4,2)h#IWtk(5,김영희,0112043198335,2001-12-04,F,063-479-2532,jihyei@example.org,147,0
3b9a6425-e7f4-4,XNth98Vw5#,김지우,9601031053691,1996-01-03,F,054-169-8801,yunyeongho@example.org,212,3
78fe82d2-0a2a-4,)n8@#Ln4S1,김경자,8706031124323,1987-06-03,F,044-972-8802,xhan@example.net,445,1
5b8bccb4-60ee-4,D$^#1Vzw2n,홍예은,9604281308463,1996-04-28,M,044-364-3451,jihyeo@example.org,831,0
95af3df8-f725-4,zb3F@Gwr+7,김성민,9710121548379,1997-10-12,M,019-809-0016,siu48@example.org,579,0
a4027f37-42e1-4,7)9L6x@kG+,김정식,8901191146101,1989-01-19,F,033-515-2513,xi@example.net,338,0
6edf3528-79a7-4,#cEH4oudz1,백은정,0502203413491,2005-02-20,M,052-842-9166,munjuweon@example.com,400,0
2ba87faf-58ac-4,D87TzVeZ_),이정훈,8908051532320,1989-08-05,M,053-146-9614,eunjeong42@example.net,478,2
52137c9b-1090-4,)RMS7ShMoT,김아름,9808181836339,1998-08-18,M,011-463-4032,jeongunggim@example.org,340,1
218fc4e9-6e8a-4,$nWY!ttW3f,김순자,9403231417737,1994-03-23,F,041-568-0040,nbag@example.org,804,0
a67a8854-eb49-4,9)r7@RdkIa,안춘자,9408071729396,1994-08-07,F,044-911-8646,jiweonbag@example.com,440,0
173d90c7-d997-4,%Y6eaZDv1c,이지혜,9005131229871,1990-05-13,M,055-178-8208,oyejin@example.net,623,0
888b90d2-587c-4,f^7CwKuCui,김유진,9606221940473,1996-06-22,F,019-588-4809,seongyeonggil@example.net,230,0
2e6907bd-8921-4,C*u(7VOkDO,이은주,9805191505060,1998-05-19,M,052-354-1154,siu85@example.net,767,0
b43fcb5a-b25d-4,%ii4NvyjEu,이지은,8801021694750,1988-01-02,F,055-730-6489,gi@example.net,108,0
49813878-3e69-4,((TdG!kNG1,황정희,0507093050051,2005-07-09,M,031-895-5021,yeongjagim@example.net,897,0
aef31c3b-2648-4,P79bGuXaF^,노영자,9411171198039,1994-11-17,F,070-6278-3089,gimhayun@example.net,847,0
f3edb4cb-230c-4,Ih025bD3G!,박영미,0105043121283,2001-05-04,M,018-483-9086,mgim@example.com,494,0
58c9d7ff-5cbc-4,Xkd2JqIuN+,최아름,9810091630887,1998-10-09,M,051-953-2675,iyujin@example.org,892,0
3c99710b-d1a3-4,M4^fFOj@*f,김영순,8404051671331,1984-04-05,M,031-394-4948,jeongunggim@example.org,444,0
cfc7fcee-e4b6-4,2oA@5IZf99,김순옥,9511161649380,1995-11-16,F,062-471-4170,yeongceol68@example.org,158,0
9453a4b7-b5cf-4,7l9YY5EqH!,이중수,9412161920469,1994-12-16,F,044-542-6365,hanhayun@example.org,682,0
dd2699e4-ea1f-4,)k6zODrm9a,김민재,0308203658314,2003-08-20,M,02-3675-7012,gimjungsu@example.org,348,0
64f66bb5-8b27-4,Hi&n2@V5t!,김정웅,9812101386446,1998-12-10,F,052-301-8552,gimseohyeon@example.net,761,0
87341618-cc13-4,sz_&4FlmR_,최정순,9406271314431,1994-06-27,M,031-907-6942,jihyeo@example.org,418,0
f67c2933-409b-4,m1%4FJqnAV,우승민,9309061536734,1993-09-06,F,054-194-9420,ijia@example.com,401,5
a6deb1ec-52c8-4,+j9kTJo@r@,박경수,9102191771218,1991-02-19,F,043-316-9374,iyujin@example.org,271,0
beacbd91-77d2-4,M#4#K5Subg,한정수,9401131630920,1994-01-13,F,016-533-7189,hyeonjibag@example.net,435,0
2db48e18-8be3-4,$P7UaeSVv9,김민수,9206141604799,1992-06-14,M,070-2199-0525,kyun@example.org,929,0
5ebb95d2-eb60-4,EA93Rq74^k,김민수,9202021298325,1992-02-02,F,061-765-4887,vbag@example.org,143,1
b35867b8-ab3c-4,Em1El1Ycr&,김현숙,0409103731429,2004-09-10,M,063-091-1999,hyejin67@example.org,252,0
ec104731-4022-4,njkRT%d0(6,이영진,9403011074480,1994-03-01,F,052-415-9580,gyun@example.org,477,0
74e5ae14-1ee9-4,w#w&5RjbA&,이성민,9110251202086,1991-10-25,F,041-650-5712,gyeongsui@example.com,93,0
f612defe-a82b-4,%XU0Fa(g!e,이옥자,9206011783460,1992-06-01,F,02-3139-2253,sujini@example.org,880,5
d8c69473-1ccf-4,2d2CeVw$^u,최성수,9608161231881,1996-08-16,M,031-007-4682,gi@example.net,643,0
3deaa4b7-c052-4,)eybsVMBH3,서영희,9912281865439,1999-12-28,M,044-553-0428,jeongsuggim@example.net,326,2
612c2cba-ca1a-4,_PIZAcsc^7,차은영,0011093199217,2000-11-09,M,061-736-0469,ijia@example.com,489,3
26f2ebba-7033-4,*3S0^Up%tI,권민지,9506091620822,1995-06-09,F,061-781-4446,bagdohyeon@example.net,767,1
1e7e1e3b-a0a3-4,a@#20U!h5X,백정자,8912231349890,1989-12-23,M,018-736-7199,seongho41@example.net,235,0
85580d90-f557-4,%4Lfyk&n2o,이재호,0401193547944,2004-01-19,F,052-001-4970,jeongsig80@example.com,383,0
2781521f-f7ab-4,A*j5+GxuuE,성민수,9803031781122,1998-03-03,F,032-324-7745,zgim@example.net,424,0
55d62be0-3a02-4,9Zz7GKpw_(,김지우,0004183455480,2000-04-18,M,018-649-3633,zgu@example.net,964,0
bb762c93-18e5-4,1x4U_A7b1_,최영미,9111141196711,1991-11-14,F,017-488-1590,jeongnami@example.org,856,0
c59181b3-c252-4,jA2Y6BdHV),박민석,9711051626805,1997-11-05,F,033-362-2183,donghyeonhwang@example.net,285,1
9e621d51-45f7-4,+)k6CIrIh8,이채원,9705051197859,1997-05-05,M,042-484-5782,yejin33@example.org,573,0
55f8e006-ca6c-4,Z26QPl!Ky#,김미숙,9611261037862,1996-11-26,M,053-194-2762,dhong@example.org,736,0
5bc0df9b-6b80-4,@$1FqNmwE2,김성민,9204101834085,1992-04-10,F,017-420-2133,fgang@example.org,393,0
42b1b5f9-e1e3-4,q4R)Nnk7)1,백성진,9603021394374,1996-03-02,M,011-323-7346,bagareum@example.com,43,1
8c43d883-fced-4,(X6cZl)TBb,박현지,0507143802156,2005-07-14,M,019-667-8664,kyun@example.org,895,2
0954ddc7-9c2d-4,PqYe6GHc5),김현준,9205251685921,1992-05-25,F,062-293-7416,seoyeono@example.org,220,0
54c58aa4-3d18-4,*RGNGL3s#7,박동현,9211021664538,1992-11-02,M,016-588-3165,gimhyeonjun@example.org,581,0
5caaf4d6-401d-4,6z6dPOn!X&,이성현,9610191073342,1996-10-19,M,019-392-4107,gi@example.net,462,0
31f17965-0478-4,U1!^8Dp$_+,우민준,0004023136660,2000-04-02,M,042-031-5629,wcoe@example.net,629,0
4963992b-a544-4,YF5G&Ues+d,이정훈,9305231409347,1993-05-23,F,017-372-3024,jeongnami@example.org,115,4
6dfc4d1f-505e-4,)VbqWtfj4t,김승현,9310221517539,1993-10-22,M,016-112-9405,jeongnami@example.org,813,0
475a56a9-53d4-4,i^A9ZHxjZ^,박승민,9702121734410,1997-02-12,M,042-208-2211,ei@example.com,878,1
c4f3adbd-6782-4,@aGzLDbuO5,박유진,9611201637378,1996-11-20,F,062-774-9417,gangjinu@example.net,531,0
117526b7-bd50-4,jS@f1qJx8),송영길,9908061208716,1999-08-06,F,052-210-9731,ygang@example.com,976,0
a6159348-4217-4,++0#@NPirF,차준영,9512061199579,1995-12-06,M,052-678-8585,qbag@example.net,730,0
8bd9cebb-9db2-4,)TFyxEcmm1,윤우진,0208223602448,2002-08-22,F,033-314-2727,ijia@example.com,864,0
5576b1e8-eb37-4,!V1Rf)ve66,진정훈,9211141907174,1992-11-14,F,017-538-6891,jeongsu58@example.org,700,1
ed164c0d-59c7-4,P6MYNyd&&j,김진우,9909121791436,1999-09-12,F,011-662-4364,yeongilim@example.org,360,0
0c9656e6-a14a-4,44N9XyZi6+,이순자,9308211275149,1993-08-21,M,019-887-1999,gimjungsu@example.org,601,0
c05cca0c-2ae3-4,@4*OTFEDyG,박옥순,0203223841208,2002-03-22,F,041-700-7143,ggo@example.net,825,1
261b8073-e65c-4,98q65ATjK*,박은영,9709161420654,1997-09-16,F,063-401-6625,gimyeonghyi@example.org,48,0
6469965a-0294-4,@be8ABvfP%,노경숙,9512021036106,1995-12-02,F,041-651-0624,gyeonghyibag@example.net,611,3
fd3a21ef-2d72-4,&hzS3#HyK4,류성훈,0304043402790,2003-04-04,M,055-640-4915,bagsiu@example.org,19,1
df446d42-05e5-4,)4ItyOEny4,김영진,9405051723338,1994-05-05,M,052-422-4099,zi@example.org,62,0
ba2ce231-4e27-4,f1HV_fmZ+%,고승현,9608161521090,1996-08-16,M,055-530-6523,gwangsu02@example.com,652,0
e38f862d-982e-4,)U3YSDg@sg,곽영숙,0304283640741,2003-04-28,M,017-936-4948,gimsumin@example.net,81,0
44a08a3e-4215-4,1(7PEcNdw^,김수민,0106243583899,2001-06-24,M,017-812-1100,yeongilim@example.org,574,0
27da6ffe-ca4c-4,()IB6OUuc(,장민서,9109101832251,1991-09-10,M,019-064-3035,ihwang@example.net,292,0
34ab1d2f-b9b3-4,^nENfbPgz4,최지원,9007141848215,1990-07-14,F,018-232-2159,zgim@example.net,123,0
175132d2-cb0a-4,eI7Yd(ggC_,박미숙,9503271068094,1995-03-27,F,062-270-7122,jiagim@example.org,241,0
989d1aaf-01d5-4,RQejxa2v@5,구경숙,9201021003511,1992-01-02,F,054-663-6475,juweongim@example.org,262,0
cc47ddc4-cf36-4,i93LWZ&c^4,이지아,9308021163449,1993-08-02,M,018-220-8686,yunyeongho@example.org,914,0
b1abf76d-88c2-4,xc0EeizHP@,민지훈,9303181155450,1993-03-18,M,052-832-6696,mi@example.org,418,1
cd83eebc-79b1-4,*42TidFk0n,한성호,8805261540275,1988-05-26,M,062-168-0615,gyeongsui@example.com,209,0
51f655f8-a1ab-4,QD1VjT1uZ$,윤현주,0202143581229,2002-02-14,M,016-796-7782,ryuhayun@example.org,860,0
9b024605-87b5-4,K^A^0TbfVL,박지민,9109031486053,1991-09-03,F,010-9964-0869,munboram@example.org,606,0
8e750975-fe8e-4,)05DJcPz!5,장민서,9610071781735,1996-10-07,F,032-035-2570,yeonggilha@example.com,349,1
0f2bab38-0f48-4,QTNvp2&w4$,이영수,9612231990615,1996-12-23,F,055-726-7341,isujin@example.org,432,0
cae558de-a1ab-4,&_l!DHjl59,서명숙,9606081256684,1996-06-08,M,018-850-0401,minseog50@example.com,811,6
f786409c-97fc-4,kRPNwIar$6,박정수,9604031632305,1996-04-03,F,070-2819-8916,ihyeonji@example.net,666,0
54ed7008-6048-4,r&5m9Aobny,윤정남,0102283198905,2001-02-28,M,052-181-4606,seoyeono@example.org,168,3
be485092-5355-4,$74#S28UmS,이유진,9406151654456,1994-06-15,M,010-7904-8320,seongyeonggil@example.net,462,1
49436222-5425-4,U(sOQmGU)5,황승민,8611051726855,1986-11-05,M,062-326-0659,byeongceol29@example.org,30,0
5d7fc2a7-09a8-4,%hbCuznE6k,박수진,9512051553145,1995-12-05,M,017-349-0337,sugja73@example.net,96,0
c52a850d-734b-4,#k0rGvCyf9,임준영,9512151893077,1995-12-15,M,011-579-9925,yeongilim@example.org,243,0
ca59722b-8202-4,kb(6I&Fi9f,김주원,9802071393550,1998-02-07,F,031-741-6294,gimseohyeon@example.net,711,0
32878ca8-0e1b-4,_hyQcmnD1*,박정희,9505281059052,1995-05-28,F,054-908-7496,hayunryu@example.net,80,0
0c01257a-21ff-4,1(y^7WY36r,박숙자,9212221682778,1992-12-22,F,052-698-4110,kcoe@example.net,13,0
c1a3681e-c73e-4,NgSPWlfG^5,지명숙,9606011177038,1996-06-01,M,070-3905-4579,eunjujo@example.net,690,0
88341f63-4d1f-4,&7U8lGk8VO,김현지,9702131162799,1997-02-13,F,031-065-8562,hyejingang@example.net,586,0
730d22ee-068c-4,kk7eD3yx&4,박경수,9207011809329,1992-07-01,M,064-785-6769,gimbyeongceol@example.com,473,2
9dfa799d-ab81-4,(3HgWX4g$a,김유진,9903151308087,1999-03-15,F,044-384-3810,gimjeonghun@example.org,397,1
9e9f0d65-6cf2-4,oh%5X5aWa+,박정호,9305271759981,1993-05-27,M,052-379-7481,sonjeongho@example.net,589,0
c4d2a08a-ae9d-4,#9!(PbB1yo,이민지,9011211077746,1990-11-21,M,042-960-1800,gimjeongnam@example.net,781,0
1b1e0b69-00a6-4,&4B$eP&isb,송상호,8801021567399,1988-01-02,M,011-435-9859,bagsiu@example.org,547,0
2bfae67d-1acd-4,dV7RblDT#*,전영환,9511071953248,1995-11-07,M,062-407-7129,gangseoyun@example.net,447,0
128bfb02-e3d5-4,&%lE7Yvu5&,임정웅,8810041463195,1988-10-04,F,019-759-1047,bagsiu@example.org,152,0
82348cd1-a38c-4,$03Thx_NRe,박민재,8911281687146,1989-11-28,F,031-745-3693,ggweon@example.com,808,0
38dfa8cb-9bd0-4,^u4Zb2u09y,최영미,9906271656403,1999-06-27,F,016-165-9398,gimjungsu@example.org,375,0
52b1bf90-60e1-4,+YXrT0Vbi4,오옥순,0104033506639,2001-04-03,F,011-959-9888,wgim@example.com,254,0
90bb6a0a-2346-4,p^H1KptHaq,장정숙,9611211651034,1996-11-21,M,033-741-5019,li@example.net,219,0
d81943a0-fc03-4,V&+j2PsezY,한영진,8905031323965,1989-05-03,F,02-0581-9102,ryuhayun@example.org,921,0
c62b2f26-5812-4,+55FYh#b_$,김준영,9503081870279,1995-03-08,M,055-652-1693,seoyeono@example.org,3,0
28ced740-571a-4,@d7o5LLeJ$,김진우,9805271743882,1998-05-27,F,033-758-5486,hayunryu@example.net,312,0
d55929e4-db82-4,$JPCae)Z89,윤영일,8703061564577,1987-03-06,F,054-045-7481,ihyeonji@example.net,181,0
b71d669d-e8fb-4,@i7vRaOijF,한서윤,9310151346670,1993-10-15,F,044-209-3434,yunseojang@example.org,914,0
361c2493-0ca7-4,+1DcXulta7,박정호,0508113057571,2005-08-11,M,063-184-0744,mgim@example.net,851,0
055b16c0-a409-4,&UP3s(8Gn9,이예진,9312281844965,1993-12-28,F,043-070-5589,hanhayun@example.org,114,0
0e706d10-a5ae-4,08P#Kjmw$e,윤지훈,9206221768068,1992-06-22,F,02-8275-4087,gimeungyeong@example.org,652,0
32ae825d-2020-4,jIt4ST6n0(,김지영,9301121097896,1993-01-12,M,017-221-8205,gimjeonghun@example.org,700,2
4a7537be-2a92-4,!Cfh6K^dDa,김승현,9212021488398,1992-12-02,M,016-968-5794,yangujin@example.net,701,0
de97bebe-eac8-4,Ld13kFyxP&,최승민,9502171618045,1995-02-17,F,031-534-9381,gimjeonghun@example.org,52,0
5cf441d7-cf94-4,V#L6YdJN8$,권예지,0108223289099,2001-08-22,F,031-122-6099,munjuweon@example.com,256,0
3b2cec44-019c-4,A_^2P$xarc,김혜진,9608091983423,1996-08-09,M,051-295-8348,hyejingang@example.net,964,0
25c66182-28b6-4,&m5Qwb+SN%,황지영,9908241334539,1999-08-24,F,044-528-1954,gimyeonghyi@example.org,152,0
a52e50b7-8b4f-4,Vny*0AivjO,김지후,9902261633993,1999-02-26,F,041-109-4394,mi@example.org,887,1
a8cc50c1-9a00-4,u)G4^^I57q,양수빈,0103163491143,2001-03-16,M,011-545-4304,gangjinu@example.net,55,0
35e95fab-7ac2-4,@3kO7QlxJi,백명자,9206031744764,1992-06-03,M,062-343-0743,eungyeongi@example.com,692,1
8e4085b6-6e75-4,ojn7xFmHp(,허상훈,9409121891565,1994-09-12,M,017-717-2979,yangujin@example.net,547,0
01b07cae-4486-4,!5*TE1!ftD,박현정,9703201799685,1997-03-20,F,031-635-4072,gimseohyeon@example.net,546,0
06405fd7-1600-4,oHO2kRj(^1,심정훈,9803221212140,1998-03-22,M,044-440-5832,dji@example.net,670,0
aea58b5d-cd6b-4,_ELni4F_u8,박유진,9509121685189,1995-09-12,F,042-675-1119,jeongsiggim@example.org,25,0
983d997c-6564-4,)t(8(cVbE!,황정희,8904181606698,1989-04-18,M,032-022-6472,dji@example.net,107,0
c6766c92-fb66-4,pC2fk)BnG&,김은경,0502283568437,2005-02-28,F,051-945-2649,miyeong37@example.com,176,0
280039a1-4a48-4,w^^3bTEzbk,김옥자,9311211994887,1993-11-21,F,062-406-8764,jiyeong00@example.org,100,0
367b2404-4ad7-4,P#2U$z0cTO,김지우,9712011557284,1997-12-01,M,017-960-8522,ygang@example.com,64,0
58e1d964-0662-4,D+6rI*d#(I,홍수민,0408063748229,2004-08-06,M,052-596-8758,jeongsig28@example.com,692,0
23b75ade-a1f7-4,s820iNc3y^,이민석,0404173270185,2004-04-17,F,051-833-0036,gimeungyeong@example.org,437,0
4702cb4c-1cfb-4,DGP&5GXu9S,이현주,9906081167998,1999-06-08,M,055-045-7816,jeongsig80@example.com,990,0
dde62875-ff59-4,KXw#9HTs5Y,정미영,9310201974058,1993-10-20,F,044-404-6651,gimhayun@example.net,121,0
23d10d08-f9a3-4,71YTVk%3)7,김보람,9311271841950,1993-11-27,M,054-814-1270,ihwang@example.net,810,0
dcb87c61-4335-4,!25Zd$@WhA,이민준,9905221257365,1999-05-22,M,062-820-9790,hyeonji24@example.com,381,0
829f2c8d-50b1-4,!9avYy5vuj,양예준,8906191737699,1989-06-19,F,011-167-8327,dgim@example.net,440,3
721639a5-dead-4,Uz8XyHQQ*8,박옥자,8707161327030,1987-07-16,F,016-093-7323,hsong@example.org,867,1
3a39d552-84ac-4,lD9M^H!xF%,손정자,9301061128311,1993-01-06,F,051-351-0033,ijia@example.com,193,0
cd747ef5-8dfb-4,9J3wKIa1_+,김민재,9709011262165,1997-09-01,M,064-792-0663,xi@example.net,691,0
044be576-bb96-4,_B$6Gr)Oj0,이보람,8908021113811,1989-08-02,M,043-049-3151,zgu@example.net,633,0
fa19393f-279c-4,v^5^kDrvMC,정영희,9102011247982,1991-02-01,F,053-607-7929,pi@example.org,673,0
2133f904-7249-4,RZD2OzpW!z,김영희,9005271999354,1990-05-27,M,031-033-9179,iyujin@example.org,959,0
469bab4e-1689-4,K*0nB_U2qu,강유진,9812211725332,1998-12-21,F,032-233-9340,ogjai@example.net,485,0
057d70ff-e76d-4,@gvc7LKcC5,전지은,0507023929041,2005-07-02,M,033-013-7208,jeongsuncoe@example.com,438,0
128edaa7-731c-4,F6(0eIj^%K,박우진,8401051341309,1984-01-05,F,033-220-2025,siu48@example.org,387,0
0e5401bd-efbb-4,w#72ExRe&&,손보람,0307223734157,2003-07-22,F,070-3147-5066,yejin33@example.org,339,1
6b6cca51-6054-4,(1LpKm4Fx9,이정호,9510281001997,1995-10-28,F,043-443-8251,hgim@example.org,200,0
55cb4960-ed27-4,+%GIG&hvQ9,이현지,8312281780430,1983-12-28,M,062-452-4906,gangjinu@example.net,852,0
be20aee9-3b9b-4,!cgTjgN5Y6,정서현,9306261840653,1993-06-26,M,063-271-0366,siu48@example.org,958,0
4281c54a-d637-4,U!IEj%0b(0,이순자,9004111091013,1990-04-11,F,033-360-9346,hsong@example.org,612,0
3fa36e33-5777-4,!4(l7SvYbz,이진우,0212043864327,2002-12-04,F,061-653-2371,ihwang@example.net,469,1
6abb17b4-bce4-4,*&90KGNavo,박정훈,0304193188215,2003-04-19,M,041-404-8958,zsong@example.net,74,0
fe40a4e0-b29a-4,#FcWHO*dI9,김현우,9712091643213,1997-12-09,M,062-593-5404,wcoe@example.net,317,0
7ee18dc1-6a1b-4,#KVqE#ASy2,박경숙,8905261012874,1989-05-26,M,016-183-6421,yeongsungim@example.net,85,0
aed34344-5de5-4,YG6O(Ct#+2,이미영,9602251398332,1996-02-25,F,064-710-1026,gimhayun@example.net,202,2
6a20bb86-e4d8-4,#!d5I5Pa6g,김하윤,9808281971568,1998-08-28,M,052-951-0227,miyeong37@example.com,1,0
1a383f2b-4df7-4,68F5Xtwf$V,김상철,9407211992926,1994-07-21,F,051-179-0174,iyun@example.com,736,3
e3f4a4f3-84ae-4,y0S!5gAmv0,박지원,8909181335397,1989-09-18,M,055-115-1309,li@example.net,793,0
4334bec3-763c-4,m*9I19amxX,오숙자,0207203708535,2002-07-20,M,016-709-1614,munjuweon@example.com,29,0
38b1c44d-2c11-4,#4ZUJqe+3!,김명숙,0106273718964,2001-06-27,M,051-118-1722,hno@example.net,230,0
9c18e7a6-3119-4,+kT4feb19g,이상철,9811011713749,1998-11-01,F,044-212-9758,ogsun78@example.org,963,0
c609016c-0f3d-4,%6Qm+wqW8A,김영진,8905011954109,1989-05-01,M,054-804-5508,munboram@example.org,922,0
0abc8447-b03f-4,25IL8kQI@1,이영식,9308021210441,1993-08-02,M,042-643-0642,seonghun81@example.net,841,0
ec0e7cba-5787-4,d0#WydGC^0,장정훈,8402081990559,1984-02-08,F,017-835-2625,hyeonji24@example.com,24,0
cd2f298c-20bf-4,82OyisLj@N,남준혁,9009271976490,1990-09-27,M,031-833-5883,rgim@example.net,364,1
08a58bf5-b5c3-4,a+5W@Btw^P,김상현,9506271526360,1995-06-27,M,055-899-2416,vi@example.org,274,0
1c6f6bb0-6c13-4,)7EzXb$Zi0,최선영,8810181342906,1988-10-18,F,032-843-5624,geonu39@example.com,253,0
b7e7f13a-192d-4,!NPq*fXC4s,박민재,9301021927923,1993-01-02,F,017-362-3934,jinu45@example.org,304,1
15359187-a263-4,Va&33ZeIKu,한은주,9811131818734,1998-11-13,F,064-774-9318,seunghyeono@example.com,34,0
78542210-f394-4,m2TOAHYC_q,박진호,9106191494345,1991-06-19,F,031-372-6574,ihyeonji@example.net,280,0
37c4cb42-f95f-4,5y%9DYlcI7,김수빈,9807161116323,1998-07-16,F,055-874-5543,fgang@example.org,881,1
d8f2719e-0271-4,e5@bZUqZ#a,김옥자,9606211877963,1996-06-21,F,032-688-1722,ijeongnam@example.net,869,0
3a053e38-a0ae-4,+JbnR8y1x1,류서연,8806041397491,1988-06-04,M,043-855-1985,mijeongbag@example.org,32,0
050a1a76-05a1-4,F14EomW*$@,고미영,9502221386581,1995-02-22,M,054-053-8690,hyeonji24@example.com,494,0
37e4f746-9c70-4,*ePcKHRBg4,하수진,9905241770488,1999-05-24,F,062-234-9187,ryudoyun@example.org,379,0
f948072b-685d-4,*79r5BSd(n,최진우,9710161283079,1997-10-16,M,018-230-5642,seoyun34@example.com,983,0
4a5dacb9-e931-4,*$8536dwAK,김지아,8904191304165,1989-04-19,F,019-507-1989,jeongsiggim@example.org,353,0
9a718cd4-5816-4,(6Yl#3lk7n,이명숙,9703191672623,1997-03-19,M,051-657-2202,dhong@example.org,382,0
5ad2ef7c-2187-4,9bW3md_K%0,이지은,9608271715492,1996-08-27,F,054-209-3609,gwangsu02@example.com,37,2
0355691d-d985-4,e#1WltnE&k,김영순,9704171443171,1997-04-17,F,055-621-1131,ogjai@example.net,765,0
0b324008-8d2f-4,co5BGK_r)F,한진호,9406281248103,1994-06-28,M,02-3980-2661,ei@example.com,371,1
d425e854-aa69-4,ED0SctjPp!,한광수,9609281255343,1996-09-28,M,033-533-8782,iyeongsun@example.com,690,0
c6d278f3-5b5a-4,+@q3Gr@3N3,김예준,0307093464100,2003-07-09,M,032-561-4222,iyeongsun@example.com,233,0
ef7f73a7-7d6c-4,%zBt8F%_y1,이지영,9909011829942,1999-09-01,M,053-311-0218,hanhayun@example.org,598,0
dbbecd78-40e8-4,qy9N)ShwQ^,김민석,9908021794835,1999-08-02,M,063-574-0032,dji@example.net,819,0
e8b4d9a2-50aa-4,)0BQCrXjDe,배옥순,8804271322487,1988-04-27,F,053-472-2809,bagseongho@example.com,457,0
06c6a8ba-44e9-4,t7ROYu9&^6,김성현,9005071532772,1990-05-07,M,019-624-7131,jiyeongan@example.com,781,0
e21b6cdc-44c4-4,!#JpL7Wk_c,박은서,9207131435472,1992-07-13,F,055-320-1951,mgim@example.net,385,0
d2a534c2-8576-4,&cmWzd5qQ1,김정남,9708141390498,1997-08-14,M,033-113-3476,jeongnami@example.org,673,3
23beda4d-192f-4,^JjrNSj6*6,서경자,9908191069920,1999-08-19,M,010-4744-3914,seongho41@example.net,611,0
0262a54e-5ab3-4,L9@NgJIc+r,최현정,9705061104504,1997-05-06,F,019-964-8189,seongmingim@example.org,105,0
6857ae35-da5b-4,_Vt7Ttko)(,김정식,0007143533297,2000-07-14,F,016-743-9856,yunjia@example.com,321,3
46d81f93-6402-4,qOt6&Aq($w,이하은,8308181291479,1983-08-18,M,062-027-6730,coejeongsu@example.net,139,0
2a771025-7f67-4,^nyIs4Fz5^,김숙자,0505183385695,2005-05-18,M,010-1268-1173,ogsun78@example.org,896,0
6167ddd5-f74a-4,B!3TE2Vp0*,김윤서,9206161012244,1992-06-16,M,044-749-5506,seoyeono@example.org,822,0
3d3522a1-56d9-4,gbPfy1BaK@,김지훈,0104063558339,2001-04-06,M,054-300-6099,gimmijeong@example.org,865,1
e01889fb-3ad5-4,%*6#NyX2wd,김예은,9509221387526,1995-09-22,F,064-775-1456,jimin74@example.com,507,0
d90f9078-89ab-4,^+6cSNwpwd,김숙자,9904271786431,1999-04-27,F,02-7132-3199,isujin@example.org,810,0
826178fb-f44d-4,)SWFgyxmm2,류미숙,0007203451123,2000-07-20,F,016-222-5558,qgim@example.net,546,1
e9ba0e6c-26f5-4,Qsq9wLLz(R,김시우,0003023728720,2000-03-02,M,016-845-1216,geonu39@example.com,191,0
fde7a2b5-a78e-4,qlb2UDl)M+,서은서,8604201055745,1986-04-20,F,041-942-4173,wgim@example.com,330,0
f4eca668-ba1d-4,(Jnv@$Drl4,엄중수,9502101617959,1995-02-10,F,054-333-7997,ohayun@example.org,804,0
76d355b1-fdb1-4,^NZ^#Bark4,손미경,9807041102895,1998-07-04,M,042-814-6684,zgu@example.net,25,1
63aed16d-4cb0-4,_K)cBOx3T4,박지아,9202181146645,1992-02-18,F,052-549-7138,gwangsu02@example.com,60,0
71deeb1c-5515-4,jW5*1BwxLW,한성호,9404091565011,1994-04-09,M,053-725-9035,juweongim@example.org,320,0
8ee99b38-4df4-4,f%j0xOLy$b,이현우,9110271204949,1991-10-27,M,042-013-6863,siu48@example.org,670,0
8af1ad82-d29e-4,IRF!2iJjMg,김영수,0409263583329,2004-09-26,F,062-606-8350,hayunryu@example.net,902,0
6066fa83-6ca5-4,A(O0nqk^NI,이영숙,9307271214655,1993-07-27,F,061-546-8615,jiyeonggo@example.org,651,1
4f7023c9-09fb-4,b8+CPKRf^Z,서건우,9107111306251,1991-07-11,M,053-336-5955,jiagim@example.org,236,0
196e746d-f3ef-4,!$XrO3n4o6,박성수,0309053749077,2003-09-05,M,041-945-4844,yeongho02@example.net,665,0
443b363e-4e8d-4,+321Xgit60,박준서,9209281619937,1992-09-28,F,062-498-2874,ggo@example.net,560,0
fe2fde6e-0fc5-4,8a0GKjw)@6,박병철,8606181300496,1986-06-18,M,044-469-7245,bagseongho@example.com,224,0
b033999a-da49-4,W@0NrDCo+%,정지혜,9504211969822,1995-04-21,M,044-935-9726,xhan@example.net,758,0
424e8abe-1009-4,!F79fGAe+g,우지원,9004041903911,1990-04-04,M,02-2442-3338,jiweonbag@example.com,196,0
190c5881-d099-4,n8_Z*5Td*j,박현우,9104051356861,1991-04-05,F,019-582-9019,qgim@example.net,603,0
182459fa-e9c4-4,@0LShhv)10,윤지연,9802111618501,1998-02-11,M,011-474-9867,siu85@example.net,301,0
c3ba87e8-165d-4,750gtAVp+3,남수진,9405231021554,1994-05-23,M,044-748-9659,seojuni@example.com,464,0
adb1ce1d-f5cc-4,t_Y50Bv+l9,김진우,0211143331162,2002-11-14,F,017-481-5250,seoyeono@example.org,604,0
6ac4da88-0ad9-4,)HHkB#X%U1,김종수,9709151882010,1997-09-15,F,061-788-3923,lgim@example.net,157,0
e67c74b5-abf5-4,^B)0nZJlxu,박중수,9304111901884,1993-04-11,M,064-750-1804,qgim@example.net,266,1
a74a098b-f98d-4,8e2AtHTe@5,이종수,9106141160484,1991-06-14,F,054-385-2465,ei@example.com,622,0
91b9bc16-892e-4,O8I^8Yz99c,윤지민,9406161400721,1994-06-16,M,052-586-7449,wcoe@example.net,215,0
de3e05b1-3667-4,#8+JUoXe@2,김광수,9105081183384,1991-05-08,F,052-939-7361,jungsu82@example.net,301,0
21dafc7a-f3b1-4,eSL5HuFJ&d,고상철,0008243799633,2000-08-24,M,033-673-9866,dhong@example.org,722,0
5c0f69d4-97ef-4,7+I_zmL4@!,김정희,9504121243086,1995-04-12,F,010-3715-4465,seongyeonggil@example.net,553,0
f259b36d-04c7-4,YI7M*ftq^%,이광수,9406071241205,1994-06-07,M,019-449-3853,migyeongyun@example.net,132,0
4cbc138e-e83d-4,WZaJ6UCd*y,성중수,8511031811012,1985-11-03,F,041-170-6144,jeongja09@example.net,881,0
a1e78957-1b53-4,*2OQDyXw@W,고영식,9610101071399,1996-10-10,M,041-289-7734,yyun@example.org,825,0
332b3491-90f7-4,!9CQuwDsXJ,곽현정,9704061097449,1997-04-06,M,063-793-8145,ggo@example.net,933,3
af35036f-25ff-4,%6+DGfbTKw,박정수,9409201651218,1994-09-20,M,019-029-6684,jimin74@example.com,485,0
d55617d6-6cd5-4,1*C1kfYwcs,문상철,9903011904314,1999-03-01,F,017-101-9066,zsong@example.net,460,0
4959a5d6-3e14-4,&TP^g8ug8H,심영일,9408261349867,1994-08-26,F,017-153-0112,nyu@example.com,991,0
e429c420-efac-4,D)^64I!oc4,이상철,9608081986166,1996-08-08,M,02-0555-5452,gojihu@example.com,124,0
f8c8b4fb-50ec-4,+5P+AZLcCH,안민수,0312123930810,2003-12-12,F,044-064-5054,lo@example.com,365,0
46b2f505-99d7-4,&z5OqzEvwh,강서현,9504231356107,1995-04-23,F,019-767-3553,minji27@example.org,893,2
40b63bd8-2b1d-4,W$02Ng5nHk,김정훈,9605091694692,1996-05-09,M,055-239-4839,sujin84@example.org,17,0
77b0e89d-126b-4,%8^MCAfhl%,권수빈,0302063059587,2003-02-06,F,033-922-7179,eunjeong42@example.net,1000,0
c38df603-d625-4,S8E8tlfG)E,송민준,9504131058679,1995-04-13,F,019-631-7368,munboram@example.org,583,0
9a248996-deda-4,XmD9H!K0U+,심성수,8705271991242,1987-05-27,F,016-606-2159,jiweongim@example.org,263,0
cdceb043-6b93-4,Z(0XK0Nd^N,이혜진,9203211914646,1992-03-21,M,053-670-8895,seongho41@example.net,509,0
17d0c36a-340e-4,0@K6I1#vW!,고경숙,9104171430984,1991-04-17,M,016-647-3628,ijihu@example.net,416,0
b30c5b4e-9f8b-4,A#@4xaJgHl,이지연,0112253565963,2001-12-25,F,041-176-5717,bagjihye@example.net,964,0
65b6ec07-0aa0-4,(8&XUB)bNX,김정식,9201021198616,1992-01-02,F,031-111-0865,xgim@example.com,642,0
1706a63b-f79c-4,+&45Tviql1,양현우,9404111555255,1994-04-11,M,018-810-6005,bagjihye@example.net,260,0
96d4d914-4bd0-4,8q92EzXD)%,박수빈,9206261442696,1992-06-26,M,032-625-6938,lo@example.com,623,0
214fa3a5-ea6b-4,@_7no5dw9N,김수진,9202081472424,1992-02-08,M,042-726-4361,eungyeongi@example.com,9,0
1b209cda-1854-4,r+1MpGsAdZ,고종수,0104123517042,2001-04-12,F,070-1049-8467,jeongsig80@example.com,221,0
939d6d1b-20a2-4,1#V3XxX5@9,구우진,9504111114774,1995-04-11,F,061-550-8092,qgim@example.net,813,0
86f968c4-ecb4-4,zV5h9Wj1L+,김지아,9812121982112,1998-12-12,F,010-6337-1892,ihwang@example.net,278,0
cd58e67b-ab4b-4,fRu@2WiOW),이영길,9502281894827,1995-02-28,F,053-046-7545,ijia@example.com,901,0
68a3e976-a191-4,Q4o6WNw2)c,김은주,9904121445243,1999-04-12,M,017-759-1665,yangyeongmi@example.com,298,0
7e5e3a1a-11f6-4,c#F96URtQw,송미영,8807131571183,1988-07-13,M,054-763-8626,ogjai@example.net,468,0
ef5eff11-e264-4,H%F4G4&xuB,이영환,9904191540205,1999-04-19,F,051-014-0235,nbag@example.org,292,0
fc7cff6f-90e1-4,tZ9Afitu+I,홍도현,9911251945209,1999-11-25,F,032-086-5406,gojihu@example.com,167,0
72aaa637-6f43-4,@8^_NrDjiX,서영호,9401151716710,1994-01-15,F,070-9386-6680,iyun@example.com,688,0
11bd3be8-a610-4,*2E+3DIl#7,문민준,0012143342977,2000-12-14,M,062-624-3006,jeonghoi@example.net,663,0
e6da676a-de52-4,**@G@UYh8%,김지현,9706231684777,1997-06-23,F,043-517-4508,sujini@example.org,581,0
2b33c2dd-98ad-4,B%15jTFc2!,고지민,9905031111367,1999-05-03,M,064-772-7783,seongho41@example.net,911,0
c0e71faf-d943-4,#q+fDpBh7W,김혜진,8710151082268,1987-10-15,F,043-434-1555,isujin@example.org,170,0
fa3ee8a5-1368-4,rS+1l5sjY#,강옥순,9112111237621,1991-12-11,F,02-8386-8362,byeongceol29@example.org,163,0
e7362004-3705-4,S0bCVEeJ)f,전현정,9508041250144,1995-08-04,F,011-622-0620,ecoe@example.net,939,0
f04cfc74-4478-4,h@0Ux0gHue,최정식,9603191367804,1996-03-19,F,070-1225-3849,ryuhayun@example.org,583,1
1ac340ec-2ad8-4,&*R43Ye&*6,하서윤,9002101588644,1990-02-10,M,044-052-1190,seonghun81@example.net,459,0
57ed79d5-1d62-4,_81NE3Jg46,손지영,9212081470301,1992-12-08,M,042-760-0809,gyeonghyibag@example.net,343,2
eba66f7c-dd4c-4,&rlKEyT*p4,박하윤,9207051401147,1992-07-05,F,061-565-1050,gwangsu02@example.com,752,0
945220e8-f7f0-4,w#1Qz%c%)a,최지현,9503141454669,1995-03-14,F,02-7419-2075,donghyeonhwang@example.net,591,0
d3015217-4e8a-4,PY2BJGrh_B,이지원,0308143327421,2003-08-14,M,016-745-2502,gimjungsu@example.org,132,0
8f3c1130-91a6-4,$75AFBov!s,고정남,9505251441510,1995-05-25,M,044-325-5666,mgim@example.com,67,0
8d6de2d5-cc8b-4,x2ndkDh4#$,이수민,9710231580497,1997-10-23,F,033-895-9484,yeongsun85@example.org,918,2
b3b4fe49-2dc7-4,)DLn$4r_0x,김은지,9102061433952,1991-02-06,M,064-756-6574,yeonggilha@example.com,938,1
9206d5f4-6394-4,@5XgdNX&Zc,배성수,8901011310714,1989-01-01,M,042-071-1030,dgang@example.com,516,0
b907353b-230e-4,2aRRmjLk_),노지아,9806231623889,1998-06-23,M,052-136-5349,nyu@example.com,464,0
2e5b0fb5-f5aa-4,0bAv3W6c(m,배순자,9207071089969,1992-07-07,F,061-181-5441,zsong@example.net,965,0
2e146944-278c-4,^9n1heTfiq,홍지후,8603141988129,1986-03-14,M,018-335-3617,jihyeoncoe@example.org,323,0
c7521f1e-787e-4,*@)h0Nj894,김민지,9810061965966,1998-10-06,F,063-465-7161,gimbyeongceol@example.com,211,0
c4170584-637d-4,LZb7PcIr_$,박서현,8607141968371,1986-07-14,M,042-331-0430,gyeonghyibag@example.net,701,0
411384ca-b086-4,t71A^dRc@s,송은서,9911191780555,1999-11-19,F,016-277-5967,miyeong37@example.com,649,0
045134d7-f028-4,o781Tqe!$X,강동현,9412191498101,1994-12-19,F,033-555-3287,haeun91@example.org,847,0
84b98d13-4f5e-4,@A4PhNGm@7,강영호,9503091311930,1995-03-09,F,051-530-0875,mi@example.org,447,1
3cccd08e-d5ac-4,r&Ed_4Mp36,이동현,9405031890023,1994-05-03,M,032-980-8623,yeongsungim@example.net,435,0
372ae250-6f63-4,WN7AsthV*@,서종수,9903231995133,1999-03-23,F,061-278-8658,gimbyeongceol@example.com,798,0
df764fd3-6f98-4,iT2sfmBti*,김민석,9710031838727,1997-10-03,F,070-1443-2561,yeongsugim@example.net,255,0
e9e4d6da-ffe0-4,!4Ibim1H%4,진영호,9803041478063,1998-03-04,F,064-744-6448,jungsu82@example.net,844,0
99b5e059-b694-4,H#728HG5fc,이순자,9308191260808,1993-08-19,M,064-793-3070,kgim@example.org,547,0
bfd43b57-4794-4,$pp!k7LwMP,최성훈,9310121021813,1993-10-12,M,055-850-1433,ijeongnam@example.net,397,0
3635d5b4-4963-4,!56n^5AlRr,김선영,8306071163237,1983-06-07,F,032-778-1243,jeongunggim@example.org,306,0
0ca26fde-33fb-4,cX(7AYda$V,박성진,8806061446533,1988-06-06,M,061-881-8282,yunjia@example.com,423,0
7c37a2e4-236d-4,$Qkr15zef$,안선영,9711211264320,1997-11-21,F,02-4477-0502,li@example.net,680,1
ff408f2b-9e75-4,UL*PE0Pmx7,황혜진,9306221904372,1993-06-22,M,055-723-8240,gimujin@example.com,722,0
cf42ed58-bc1e-4,Pj7Zgw2j(*,장수진,9003181357638,1990-03-18,M,063-898-7780,gyeonghyibag@example.net,783,0
4343e5df-4bf2-4,Hk5Li9zjP+,우하윤,9403271789209,1994-03-27,M,010-2138-3328,hno@example.net,412,0
a5852f2a-eed8-4,k!77TedYAj,한하윤,9503021396370,1995-03-02,F,019-053-2754,qbag@example.net,539,0
1bdbc4b9-8748-4,lI1ZHwv&K&,이정희,9409041470570,1994-09-04,F,016-199-5331,jeongnami@example.org,140,0
6db005b3-1b6d-4,F)*97BptY+,김지연,9012051957501,1990-12-05,M,031-591-0156,sugja73@example.net,602,0
e820282f-6c32-4,9@^3HsxoH@,김지훈,9911241016431,1999-11-24,F,044-797-3003,juweongim@example.org,240,0
a2a0d98f-0913-4,$u9aXSK(%2,이승민,9606261786833,1996-06-26,F,019-847-3803,miyeonggim@example.net,845,1
9b9a7a19-8475-4,op0Q(nMFf*,성중수,9202161707303,1992-02-16,M,043-563-0953,gimjungsu@example.org,316,2
9d4b989a-49c9-4,@cKdS9Io!k,이정웅,9310171217966,1993-10-17,M,033-942-2227,ryuhayun@example.org,29,0
acc3ad7e-7d89-4,)E3gzUGh^+,최채원,9301031179113,1993-01-03,F,018-398-6884,zi@example.org,328,0
e6d9dcdc-59f2-4,D5KDdeqP*#,이은경,9605021989788,1996-05-02,F,032-282-0261,kcoe@example.net,660,0
06fd507e-a30a-4,#dOVTRA6e8,강옥자,9002221540400,1990-02-22,F,054-883-8344,gimmijeong@example.org,357,0
01cd93f8-5060-4,V94W4x%h+h,김은주,8401161952328,1984-01-16,M,018-328-2611,gimhyeonjun@example.org,836,0
aab9453f-f199-4,!3IaraY_g),홍춘자,9205221772342,1992-05-22,M,061-927-8592,jiweongim@example.org,676,0
4ff53593-19e5-4,s+4M7da_vS,최지후,9504051147750,1995-04-05,M,042-434-0426,xi@example.net,200,3
709e2e80-d1d8-4,_qq2Kozwjl,김정자,9106231300429,1991-06-23,M,051-558-7867,hno@example.net,448,0
5492c67a-52d0-4,o6pRdrBy*N,한경자,9705121916456,1997-05-12,F,042-318-4613,bagdohyeon@example.net,385,0
6dcced2e-b55e-4,PyqTp)uu%4,김영진,9806271538473,1998-06-27,M,052-731-2085,yunminji@example.net,45,1
53a0aead-a512-4,6+1Ogys1z_,신영자,9405281529974,1994-05-28,F,054-901-7707,gi@example.net,251,2
62c98e8c-03f9-4,2@b3A4LxBk,권은서,0501263284264,2005-01-26,F,042-014-0539,xgim@example.com,19,0
277ab478-3f14-4,pkI!i3Fs4+,홍영식,0012123195585,2000-12-12,M,02-8768-5917,jeongsig28@example.com,738,0
5ed3d500-45fd-4,!$(S0IkVJU,이현주,9612281834082,1996-12-28,F,016-262-6478,gimseoyeong@example.net,727,1
4f54a515-4792-4,m!4CgA8lwO,손민준,0109243394536,2001-09-24,F,055-102-4092,sugja73@example.net,877,0
80455c56-ecf9-4,)I0lZb#lS^,정은경,0009133556643,2000-09-13,M,010-4275-6149,hayunryu@example.net,993,0
997444c2-ea32-4,5#YGry+g^N,김현정,9705281157287,1997-05-28,M,010-2111-1215,jeongnami@example.org,262,0
e6d8340b-e47b-4,f6J0aPfa+H,안지아,0304063145805,2003-04-06,M,019-201-1063,zgim@example.net,157,0
78b36ade-68be-4,s7)C0vve(s,김지우,9706161193634,1997-06-16,M,051-813-3835,ugim@example.org,5,0
93dccf85-c0d7-4,q%$1Fr*m4X,주미정,9710271589450,1997-10-27,M,018-544-9361,ei@example.com,976,0
dd84e868-4068-4,@D6rOmEjIB,이유진,9410131377426,1994-10-13,M,016-722-2161,hyeonjunbag@example.com,222,1
9fbfc89f-fa4a-4,a&b81X^rhF,손민수,8904141114152,1989-04-14,F,018-901-3372,gimmijeong@example.org,117,0
30b20594-1958-4,RO^L6B*i8w,이지민,9402071123385,1994-02-07,M,062-528-2573,hyeonjunbag@example.com,538,1
86c7df17-8bb9-4,_j4NF5bHM6,유미경,9404221438341,1994-04-22,M,018-568-4005,yeongilim@example.org,922,0
550dcee2-1882-4,(wvL+yqXj7,서재현,9410231731950,1994-10-23,F,070-6364-5453,jeonghoi@example.net,679,0
5f51fe85-e51c-4,k3JSMemI@E,강옥자,9303071087985,1993-03-07,M,042-171-5636,yyun@example.org,411,0
3f67b36c-fc12-4,p@4NPQ*Okg,김지후,0012053958827,2000-12-05,M,054-262-2848,sujini@example.org,213,0
6bb335ba-845d-4,^Bt1xQrjMO,이민석,9508121796420,1995-08-12,F,044-318-0943,yeongho70@example.com,270,1
8f3e97c2-c93f-4,DfN7T59fi@,권경숙,9301031905876,1993-01-03,F,042-929-0930,seongmingim@example.org,798,0
7f822421-2cfc-4,_(FEYT6nZ9,박정남,0102073056458,2001-02-07,F,010-4711-2373,ijia@example.com,846,0
5f86c5a1-6d80-4,!87b(QNjA#,장중수,9003111215145,1990-03-11,F,041-666-7921,kgim@example.org,1000,0
05445c70-82e0-4,+0Ms9QusPj,김은서,8902281592684,1989-02-28,F,062-181-3934,lgim@example.net,366,0
1d6e50ed-ac61-4,hO#9HqkM&^,우은정,9803191013715,1998-03-19,M,018-616-4969,jeongsu58@example.org,260,1
c69f8aa6-61ab-4,$fEf8JgdlV,강성호,9608061638887,1996-08-06,M,017-048-1292,hno@example.net,496,0
15a1d80f-824c-4,75sMqpA5^9,성주원,9912051778598,1999-12-05,M,051-242-6574,pi@example.org,215,0
8fde0292-f753-4,#Nz9v_Xh((,김준호,9103031567698,1991-03-03,F,062-211-2076,jinu45@example.org,36,0
359ff6f1-b04f-4,J25h6_Wsl),류아름,0010113224292,2000-10-11,F,041-489-0079,ogjai@example.net,794,0
a50cf123-d4cb-4,$4HSuuus%6,이정식,9602201599389,1996-02-20,F,061-942-7926,gyun@example.org,328,0
ce42d776-b3f6-4,qm9hjQoY!N,문동현,9903191897816,1999-03-19,F,018-294-6976,kyun@example.org,299,0
b6516a82-1a41-4,Vie%)4LpbO,박영미,9406151956712,1994-06-15,F,011-280-7589,sujini@example.org,495,0
aae9ceb4-7a8d-4,P4RLy8ax^N,오영철,0308063321529,2003-08-06,M,051-500-7858,jihunbag@example.org,598,1
be522f72-d147-4,@&25STJc&g,김서연,8811181733867,1988-11-18,M,018-785-0459,li@example.net,963,0
464a998e-0d58-4,z)+6MDmnqZ,강재현,9901201844810,1999-01-20,F,010-7839-3891,munboram@example.org,283,1
ec5d6b05-d246-4,pZAIn4Lpt(,박영순,9407021470877,1994-07-02,F,054-392-6321,nbag@example.org,670,1
ee665ec9-7815-4,(7Zt%TDxfY,이미영,9611161684901,1996-11-16,M,055-268-1202,gwangsu02@example.com,233,1
32ba6273-907d-4,A_n9guDo(l,박재호,9804071458286,1998-04-07,M,063-721-2211,siu48@example.org,249,0
cb4fa5c6-e2c0-4,AnKuJdvo@3,류상훈,9909031050246,1999-09-03,F,055-339-7689,seonghyeon06@example.org,61,0
5e607c61-1fc7-4,Si#!3J2hd4,박지훈,9003221591426,1990-03-22,F,011-529-7493,rgim@example.net,678,1
f8687879-d867-4,5@J6EefE(!,황성현,9708161592355,1997-08-16,M,032-942-8672,jihunbag@example.org,589,0
47cbff9a-5eba-4,@_7UvA!afc,송지아,9307241655862,1993-07-24,F,061-426-5786,yejin33@example.org,896,0
046a19f8-0122-4,lP*0VKEiR+,손경자,9902211463087,1999-02-21,M,055-636-6011,iyeongsun@example.com,313,0
0140600a-7733-4,VuT#5TYqKl,이성훈,9801221049009,1998-01-22,M,041-299-2295,ggo@example.net,527,0
769e3258-6375-4,*3rEdrlaTQ,성진우,9206121518940,1992-06-12,M,018-041-4389,kcoe@example.net,60,0
f5cc1fe4-6bf3-4,#v6+V#S)J3,최민석,9002281851942,1990-02-28,F,02-2588-5033,ujini@example.org,804,0
55c4b857-a8e8-4,#(5J7Nh08^,차영진,9511191390685,1995-11-19,F,010-2900-9413,yeongjagim@example.net,764,0
60cefa71-0b07-4,q&3YGKxrBp,김채원,0207223671807,2002-07-22,F,011-419-5434,zsong@example.net,695,0
634d876c-4494-4,@&Ic8n1@A4,김성현,8502121175866,1985-02-12,M,041-300-4666,jinu45@example.org,546,0
69984d2e-e42e-4,0oPRjDd&$7,이성민,9910011266500,1999-10-01,M,055-092-7246,li@example.net,362,0
9feb0aba-5dbf-4,@!1Ls+Qowy,김준혁,0203263749754,2002-03-26,M,070-5515-1875,munjuweon@example.com,372,0
b068e268-e925-4,$9ORHk5Bvv,김서준,8303161076453,1983-03-16,M,016-158-0802,miyeong37@example.com,381,0
4528dd2f-50a3-4,pDW+PwK$_0,황현주,9704201813642,1997-04-20,M,017-977-8261,yangujin@example.net,429,2
11ec7005-d571-4,*IFKEK#hb1,장민석,0210123972964,2002-10-12,M,055-386-9202,caeweon78@example.org,834,0
58864185-14cb-4,Z!ew4M$o)%,권윤서,9809221459569,1998-09-22,F,017-670-8686,pi@example.org,736,1
3f83e5df-5afa-4,@kp7cMFk+N,송상현,9302131303758,1993-02-13,M,010-8431-6900,sangceol30@example.org,570,3
42ef2c0a-1fdf-4,Jl4)jPjuG^,곽성현,9412081773122,1994-12-08,F,02-3166-3792,miyeonggim@example.net,791,2
8c138164-8cca-4,j7RI)bM7#H,강영미,9906051099862,1999-06-05,F,064-768-8400,seonghun81@example.net,475,0
2188b33f-bda5-4,NRdYaS!y#3,박지아,8501091754696,1985-01-09,M,061-771-2944,ugim@example.org,980,0
27fc5a4a-b4e7-4,Wq)75OCkP&,조영숙,9707161430649,1997-07-16,F,042-802-8854,seonghyeon06@example.org,931,0
d121d7bf-3ad9-4,HRGK_ESp$9,김도윤,0010193765592,2000-10-19,F,055-754-1649,pi@example.org,315,0
cb6ad21e-283c-4,%16NVBlcW(,이은주,9010151283417,1990-10-15,M,031-640-2329,gimjungsu@example.org,257,0
77a50eca-bd7d-4,9MROy5hb^w,안현지,8802061587908,1988-02-06,M,044-198-4393,yeongceol68@example.org,987,0
c5ab77eb-ec96-4,Zmd28GRa@(,강성훈,9911231634095,1999-11-23,M,044-544-6466,misug28@example.net,676,0
dfb85906-67b1-4,fN8Fvkvj%9,이도현,0211113513186,2002-11-11,M,011-432-2149,mgim@example.net,961,3
60b522e2-36b0-4,G+4hAnY%N@,이재현,8907231943281,1989-07-23,F,041-633-5691,donghyeonhwang@example.net,820,0
1e445049-39f1-4,F2SSvt40#Z,박민수,0509073386260,2005-09-07,F,018-245-8373,miyeonggim@example.net,257,0
5cfbc0f6-db44-4,m&!R81If+S,노성훈,0102013744506,2001-02-01,M,054-407-5899,yunseojang@example.org,634,0
00e3f91b-a70d-4,*!ip7RbRN2,손옥순,9001071902138,1990-01-07,F,019-613-3470,iyun@example.com,927,0
71337944-6e94-4,jk5_jDluX^,이서영,9507231511351,1995-07-23,M,062-239-5406,dgang@example.com,183,0
60264a3b-b8a1-4,P(4nuNgwuZ,김정웅,9609261378991,1996-09-26,F,011-849-0844,yeongho70@example.com,578,0
0759039e-0ff5-4,_hE%MyxJ$2,황진우,9309081854867,1993-09-08,M,054-991-5207,sangceol30@example.org,579,0
63f726b3-9ddc-4,)8QLdSolgV,배은영,9501211615480,1995-01-21,M,010-1241-6319,iyujin@example.org,380,0
010c889b-c031-4,$KzShZQU+7,송지현,0103043358058,2001-03-04,M,043-550-8550,gyun@example.org,586,0
19c770a3-a27b-4,v(1w!TQl(#,윤민지,8804111110157,1988-04-11,F,070-0408-4157,vi@example.org,643,0
c7d9e268-6a73-4,uoMYshmQ$5,전도윤,8812131755027,1988-12-13,M,043-338-8887,oyejin@example.net,556,0
7ec6ef85-8b0e-4,Xz!$6%GWy_,장지영,9306051650769,1993-06-05,M,043-866-0957,yunminji@example.net,365,0
b905ea68-0a5e-4,&TAg(s&j81,이승현,9408261735990,1994-08-26,M,061-307-5612,kyun@example.org,791,1
b623a934-2548-4,gx1VAs8n&F,윤진호,8309031319267,1983-09-03,M,016-851-0058,siu85@example.net,905,0
58b0d3de-1afd-4,A)1VPgPi0^,박민준,9611101991070,1996-11-10,M,062-587-3500,zgu@example.net,912,2
266093f4-4582-4,&8x6a@Bvb7,박지원,9603231072362,1996-03-23,M,031-070-6560,seongho41@example.net,209,0
40bd3bcc-23e0-4,_$2F3&m8h(,이민서,9303181031280,1993-03-18,M,070-6991-5257,dji@example.net,410,0
a420fa0e-251b-4,(dZuB2q#0q,김성호,8711241879078,1987-11-24,F,041-114-7284,eungyeong68@example.com,277,0
12ecdb00-9ce9-4,q$9_4Gm*_g,김영자,8701251727313,1987-01-25,F,070-9498-3518,jeongunggim@example.org,31,3
d133478f-97b1-4,p&O0Whb0_A,김서연,9606261616269,1996-06-26,F,016-040-1000,jiweongim@example.org,319,0
94796a91-4237-4,(slXyDBr4S,이수민,9303141848161,1993-03-14,F,044-274-8589,minjun33@example.net,949,0
8e2dfd19-c5c9-4,bjj0Geo$^2,박성수,0111013874697,2001-11-01,F,051-995-5594,eungyeong68@example.com,364,3
a08963f5-e32e-4,*gGMF#e8X8,김옥순,9608171830533,1996-08-17,F,017-632-6868,hyejin67@example.org,981,0
385c9722-efaf-4,OS$T5XXcC3,김정훈,9905141644203,1999-05-14,M,055-336-0368,jiyeonggo@example.org,626,1
8b64a0e5-cb3f-4,Bt2u7GEy@z,이순자,0008073887709,2000-08-07,F,019-642-2385,bagseongho@example.com,891,0
58450a1f-442c-4,^9^UtsI%u6,최종수,8601011913918,1986-01-01,M,062-444-2667,yyun@example.org,155,0
58b029cb-9be5-4,$BSiVeq@8K,이동현,9807191423499,1998-07-19,F,053-890-9813,gi@example.net,300,1
2ada8370-6e39-4,1R$T1@Ov(9,지상호,9705051438633,1997-05-05,M,063-277-5103,sonjeongho@example.net,520,0
79928579-af39-4,+7YT%dZWe0,김서준,9303281495343,1993-03-28,M,043-883-5649,vbag@example.org,536,2
6b1ccbe3-fe03-4,g)&8d7VcKO,홍상훈,8810231174830,1988-10-23,F,019-737-8122,jiweonbag@example.com,387,0
1fd13253-ee72-4,XrI(7aXdA_,최민수,9207151856448,1992-07-15,F,032-181-2370,yunminji@example.net,867,3
bd57c3b9-17ef-4,7Vw1Lbng%Y,한도윤,8311111940051,1983-11-11,F,031-726-6324,hayunryu@example.net,862,2
65721bf2-e837-4,f85PGnjw+K,김현숙,9506201775822,1995-06-20,M,042-929-8714,wgim@example.com,404,1
63a3d39d-f72a-4,(k5$8P(mdC,안서영,9310081123447,1993-10-08,F,033-581-8941,ygang@example.com,231,0
06a90b54-0787-4,5%6RUqM)HC,김민석,9305021823955,1993-05-02,M,062-890-0689,ecoe@example.net,494,0
ba2d573a-8d48-4,Jo96$HLc@B,곽은경,8702211743660,1987-02-21,F,052-204-4605,vi@example.org,62,1
9dc27c21-aead-4,!ABF6Oalz6,문성진,9207031735027,1992-07-03,F,017-872-7483,kyun@example.org,694,0
7b9bcdef-deaf-4,PBA$4JLzLb,김은서,9507171022371,1995-07-17,M,055-304-6893,jiyeongan@example.com,70,0
44edd11a-fc7a-4,4&9RHSLkN7,김혜진,9909011085150,1999-09-01,M,063-829-9485,jeongsig28@example.com,481,2
627e3517-cc3a-4,C^20rVnrYR,최건우,9309031934403,1993-09-03,F,019-151-8527,eunyeongan@example.net,652,0
b16173a3-d802-4,M88Ny2yg!Q,김성훈,8703251350075,1987-03-25,F,02-6212-9484,jeongsuncoe@example.com,47,0
ef0277d2-62d5-4,d%6OOOQvhf,강영환,9701171028137,1997-01-17,M,062-148-1643,ijeongnam@example.net,60,0
ea5d84c0-1c19-4,@T6&Gkx*7s,최정남,9204151020273,1992-04-15,F,018-732-9994,gyeonghyibag@example.net,97,3
f801dac4-dd49-4,)67Xs2A%$m,윤종수,9311281586979,1993-11-28,M,02-5519-0610,seunghyeono@example.com,253,0
7302590a-142a-4,@VdIvZp^h0,고재현,9002091676244,1990-02-09,F,070-5075-6749,jeongsuncoe@example.com,5,0
dff573b9-3021-4,^F6VwRe0tw,양준혁,9904271337016,1999-04-27,F,044-248-8883,ei@example.com,914,0
7747bb82-702a-4,eS03hDdy%&,이예지,8302161057704,1983-02-16,F,032-876-5026,yeongceol68@example.org,207,0
7c4de0b7-10a5-4,Z$8FZ8HbPh,송경희,0103203844811,2001-03-20,F,02-5269-3063,donghyeonhwang@example.net,988,0
e2d549fd-bfb4-4,jujHc4Qh%5,윤동현,9607171159446,1996-07-17,F,061-879-0332,pi@example.org,459,0
ba1ea4aa-4f80-4,i0wU!_1w@7,김예진,9007141641288,1990-07-14,F,064-718-5860,gimyeonghyi@example.org,829,0
5e47b547-d288-4,E%LSu#3k$3,김영수,9312271052684,1993-12-27,M,051-771-7396,jeongja09@example.net,714,0
01bbe4cc-6608-4,@vSUuPJxZ4,한영일,9006221000353,1990-06-22,M,044-035-2795,gimeungyeong@example.org,211,0
30f8eafd-e872-4,M)%3P$mPvl,전명자,9701071992588,1997-01-07,F,033-251-4132,coejeongsu@example.net,428,0
d3330d5d-b120-4,6aYr8HQM(e,이진호,9502231726905,1995-02-23,M,018-913-9208,ei@example.com,600,3
ae8f2409-efbc-4,94(7TFTl02,서승현,9408111004389,1994-08-11,M,043-332-3921,migyeongyun@example.net,730,0
1ee05a58-2fd8-4,Mj+X6QkdDl,김성민,8707201797335,1987-07-20,F,032-535-6414,seongmingim@example.org,941,2
40ced169-91a8-4,(9g+gQRhF0,이도윤,9110121868464,1991-10-12,F,018-600-0115,minji27@example.org,501,0
f28cf558-eef5-4,Tr0x6MrD__,윤현준,9110041004686,1991-10-04,M,032-533-6746,zgim@example.net,671,0
0940fb9e-60b0-4,H+B2Kc_izh,안성수,9812021698057,1998-12-02,M,053-100-4021,bagareum@example.com,371,0
8e0eda45-0c1d-4,)mJ2iRbC(4,김현정,9009111990037,1990-09-11,F,064-765-5834,hyeonjunbag@example.com,508,0
1e6f264e-750e-4,%B6J$Pym$7,백시우,9312091491041,1993-12-09,M,041-368-1370,dgim@example.net,242,0
e7678ff0-f207-4,)*7jnCvE4e,이옥순,8809281953276,1988-09-28,M,061-729-0875,jiyeongan@example.com,903,1
86f9ce9a-9843-4,_w%88uHzhQ,이준호,8406271012116,1984-06-27,F,011-499-3260,yeongsugim@example.net,395,1
a9e65f0a-a9a1-4,#gVzASbZr5,조하윤,9603111708345,1996-03-11,M,033-126-6310,gyeongsui@example.com,173,0
33b41fea-111b-4,p7IHu2Gyp^,김지아,9707171944168,1997-07-17,F,054-646-4983,hyeonjibag@example.net,83,0
38b6a15e-283c-4,(8F5%DNddg,오영환,9912271453965,1999-12-27,M,018-382-2569,jiyeonggo@example.org,2,0
56b4c992-6764-4,_$73An!CxT,전경숙,9511161031419,1995-11-16,F,032-872-0891,jaehoi@example.net,443,0
a8007b11-9acd-4,+Y5(LYb3#d,송우진,9601091196385,1996-01-09,M,062-842-1390,kcoe@example.net,155,0
e1f5f1bb-6f53-4,!4BY&Ssk*P,박지원,9308031861828,1993-08-03,M,010-5042-0619,yeongho02@example.net,458,0
3ca154f1-a316-4,l5SizXeb*q,김성수,9504061529046,1995-04-06,F,062-126-2124,mgim@example.com,863,0
8e1e4a07-4425-4,%MkJz0Wqy@,강진우,9601071817237,1996-01-07,F,043-355-5504,iyeongsun@example.com,12,2
d5e6e328-aeb8-4,(b^n8MWbx3,한준혁,8907041439631,1989-07-04,M,043-949-1441,mijeongbag@example.org,122,0
977ec69b-79ce-4,W)1@STklem,엄지현,9907241340158,1999-07-24,M,061-967-6708,gyeongsugyun@example.org,579,0
7f585a2c-3df0-4,+(kGEGp^M6,김경자,9201131021217,1992-01-13,F,051-759-5992,nhong@example.com,221,0
8678278c-c348-4,ai_BpVYl%7,김승민,9710061416545,1997-10-06,M,042-155-1017,bagareum@example.com,926,1
2492597a-f647-4,)mApgp8%a8,최현숙,9111081366291,1991-11-08,M,044-262-4324,gimhayun@example.net,228,0
d0b9cdc2-aa2b-4,t^C6etOgzG,이준혁,8805231646006,1988-05-23,F,016-468-4325,coejeongsu@example.net,287,0
50629586-5aa3-4,*53!PJCZYe,최예은,9601261610190,1996-01-26,F,031-872-6007,yangyeongmi@example.com,45,0
13a5c5f1-0bd4-4,!RMjk!ti4w,배순옥,9201131898271,1992-01-13,M,070-1984-2265,ggweon@example.com,586,0
3bc4df83-0737-4,Dr6ZBtC%w#,송종수,9401141333011,1994-01-14,M,052-435-2599,gimjungsu@example.org,794,0
b80de49c-b350-4,9l_33Bhx(C,최영환,9811261375855,1998-11-26,M,055-563-4930,sangceol30@example.org,445,0
0dee3f76-a708-4,ekf5tSuT%z,이지우,9307131976520,1993-07-13,M,054-823-5450,hanhayun@example.org,820,0
d5933747-5e49-4,AI1QQanwJ),주현주,9304131627488,1993-04-13,M,062-428-5068,gwangsu02@example.com,426,3
9368b6e7-f76c-4,^N2RrGe$4d,최준영,9206071065213,1992-06-07,F,043-388-5982,munboram@example.org,933,2
f0e93495-0b6f-4,mfC2RguW+!,황경수,9507221552393,1995-07-22,F,019-488-2160,jinu45@example.org,111,0
ba36a8c3-2dd6-4,41xrzTqC^$,하수빈,9407251989340,1994-07-25,M,018-895-8868,zgu@example.net,601,0
8cc10dda-a881-4,Dg*2KIDmyD,김은서,0005123585967,2000-05-12,M,010-8741-9947,misug28@example.net,357,0
8a6026ae-0ffb-4,%W&q7UkEoA,이숙자,9602081553058,1996-02-08,M,042-994-1066,jihyeoncoe@example.org,383,0
